comment_id,score,content,time,city,gender,sentiment,province,gender_mapped
1211665559,5.0,二刷！依旧精彩,2025/4/21 21:16,佛山,0,0.9203067421913147,广东省,0
1211652698,5.0,支持一下国产动漫,2025/4/21 21:15,延边,1,0.5134225487709045,未知省份,1
1211623835,5.0,剧情搞笑又紧张,2025/4/21 21:13,武汉,0,0.31890517473220825,湖北省,0
1211642772,3.5,还行吧，特效不错,2025/4/21 21:08,深圳,0,0.20719003677368164,广东省,0
1211659669,4.5,值得看的一部,2025/4/21 20:59,海东,0,0.8354021310806274,青海省,0
1211668543,4.5,说实话用了这么多线上平台，只有每次在这种草的店，品质都在线，值得信赖的好平台??我的天哪，感谢遇到这么好的平台，为什么没有早点发现，以后继续冲冲冲！,2025/4/21 20:58,温州,0,0.9521804451942444,浙江省,0
1211663532,5.0,vvgg**粉底,2025/4/21 20:47,东莞,0,0.1495753526687622,广东省,0
1211643691,5.0,好????????,2025/4/21 20:47,沈阳,0,0.8962299227714539,辽宁省,0
1211666575,5.0,不错非常好看,2025/4/21 20:47,淮南,0,0.8747751116752625,安徽省,0
1211616885,4.5,非常好看，特效绝了，2刷了,2025/4/21 20:45,金昌,0,0.9412544369697571,甘肃省,0
1211629759,5.0,电影嘎嘎好，,2025/4/21 20:45,库尔勒,0,0.9649901390075684,新疆维吾尔自治区,0
1211649608,4.5,剧情很好，特效也很好，,2025/4/21 20:41,惠阳,0,0.9515371918678284,未知省份,0
1211651643,5.0,剧情跌宕起伏，画面完美，演技完美,2025/4/21 20:41,成都,1,0.9462841153144836,四川省,1
1211660645,5.0,好看，震撼，值得观看。,2025/4/21 20:34,江门,0,0.9112805128097534,广东省,0
1211628814,5.0,剧情很好，画面很好,2025/4/21 20:34,启东,0,0.9505791068077087,江苏省,0
1211636750,5.0,很不错，喜欢观看,2025/4/21 20:32,内江,0,0.8392674922943115,四川省,0
1211622782,4.5,很不错，推荐看,2025/4/21 20:32,葫芦岛,0,0.8740491271018982,辽宁省,0
1211655635,5.0,非常好看，值得去看,2025/4/21 20:30,罗源县,0,0.9193870425224304,福建省,0
1211628811,5.0,确实值得一看,2025/4/21 20:28,南阳,0,0.8679245710372925,河南省,0
1211662614,5.0,国漫之光，品质高，,2025/4/21 20:25,张家口,2,0.8707839250564575,河北省,2
1211668534,5.0,好看，看了三次,2025/4/21 20:24,涿州,2,0.9264780282974243,河北省,2
1211665544,5.0,好，很好，非常好看！支持,2025/4/21 20:24,济南,0,0.9581406116485596,山东省,0
1211638695,5.0,很好很棒支持,2025/4/21 20:17,深圳,0,0.974634051322937,广东省,0
1211650703,5.0,特别好看，快去看,2025/4/21 20:07,都江堰,0,0.9228968620300293,四川省,0
1211660637,5.0,好看不错值得推荐,2025/4/21 20:01,成都,0,0.7511186599731445,四川省,0
1211660634,5.0,好看，hao,2025/4/21 19:53,曹妃甸,0,0.8153623938560486,未知省份,0
1211640706,4.5,剧情不错。。,2025/4/21 19:51,邯郸,0,0.6846422553062439,河北省,0
1211668525,5.0,不错很棒的电影,2025/4/21 19:51,宜昌,0,0.9306401610374451,湖北省,0
1211653704,5.0,画面非常好。,2025/4/21 19:50,抚顺,0,0.9260327219963074,辽宁省,0
1211663515,5.0,好看的很，大家都去看,2025/4/21 19:46,成都,1,0.853117823600769,四川省,1
1204934993,5.0,"春节档第一部，看期待了五年多的哪吒2。
没有一秒钟不值得看，全方位的好，哪哪都好，故事、情感、特效、审美、节奏、叙事线……笑点泪点燃点，沉浸的一秒钟都不舍得移开眼睛。
喜欢东海龙王敖光，喜欢小哪吒大哪吒。
二刷见！",2025/1/29 17:01,南京,2,0.9937489032745361,江苏省,2
1204850223,5.0,超感动????????，不是非黑即白，就像生活一样，不是孰对孰错，我们都有选择权，选择成为什么样的人。有懂你的人，与你一起前行，好像就不会害怕了，就算前路漫漫，我们也是一同分享和分担，去成长。无需活在别人暗定的规则中，也不要全然相信别人过往的经验，毕竟世事无常，唯一不变的是变化。唯有拥抱变化，才能适应这无常的生活，在生活中找寻美的一面，学会珍惜，学会感恩，学会拥抱自己，过好每一天。把握当下的幸福，畅享未来的美好，我们才会越走越远??????,2025/1/29 11:42,柳州,1,0.9931975603103638,广西壮族自治区,1
1205109933,4.5,"（先让我吼几嗓子:龙爹敖光真帅啊啊啊!!! 敖丙一如既往地帅啊啊啊啊!!哪吒变大之后也好帅啊啊啊啊!电影对颜狗真好）
     “何为黑 何为白 何为正道 何为邪魔外道 何为仙 而何又为魔” 主旨不全是我命由我不由天  还有影射现实社会的 如何判断好坏 看官职大小还是看钱和势力多少 还是...取决于心
      比第一部要好看嗷!!
      本以为申公豹彻底洗白了 看完彩蛋又觉着悬 我真以为申公豹和那个捕妖队队长就是唯二反派了 没想到仙翁的“叛变”反转猝不及防 还有最美反派西海龙王姑姑
      前面依旧笑点众多 我可太喜欢太乙真人和小猪猪了 还有碎掉的土拨鼠 虽然到最后还是来到了“大家都没长嘴只是一味的用暴力发泄怒火”的误会情节 但也不觉俗套 这很奇怪（可能我真的看脸吧）哪吒的自我剖析和紧接着其母亲的消散 虽有预感但还是没能躲开 眼泪哗哗的流（刀我别用亲情刀）可能是大环境的影响吧 每次看到这种以少对多 以己手掀断腐烂根基且连根拔出 我总是会共情并觉得解气 毕竟还没有改变的能力 现实生活中对于种种 只能接受
      看故事走向是一定会到封神之战了 对于后续我还是非常期待的!",2025/1/29 23:04,诸城,0,0.9946670532226562,山东省,0
1208997307,5.0,"看完发现“人们心中的成见就像一座大山无法撼动”这句话是对的。

第一，土拨鼠从未杀人，吃的也是难吃到吐的南瓜粥，却被当场施刑。
第二，申公豹他爹气宇轩昂，有教无类。教导小妖要刻苦修炼、出人头地。即便是面对杀上门的阐教，也是自断一臂，客气行礼！却也难逃万箭穿心！
第三，顶级宅女石矶娘娘居住在空无人烟的弃地，仅仅是天天照镜子臭美，却要被绳之以法。
那么多信息告诉我截教有蹊跷，但我当时还是轻信申公豹会屠城陈塘关，果然，人心的成见是一座大山。即便是出身寒微的我，也会讲究“根正苗红”",2025/2/15 16:10,苏州,0,0.09738409519195557,江苏省,0
1209885252,5.0,"我是25届高考生，成绩提不上去，很难看到希望那种，妈妈和我今天一起看的这部电影，妈妈是二刷，她说值得，我看的起先是沉不住气的，总想知道结局知道正道和反派，以为神仙总是对的，就像别人对我的评价，总觉得我真的考不上，真的就止步于此了，可是情节慢慢发展，悄然变化，是主角心境的变化，也是我心情的转变，对于还有一百天高考的我来说，很受激励，道听途说是没用的，真正的道是自己争的，自己闯的，人的潜能是无限的，哪吒的潜能就说明了这点，一次次打压没有将他压倒，而是让他再次嘲笑命运的无能，还有一百天，我不该被现状打倒，更不该被流言困扰，妈妈说她不希望我能考顶高的成绩，只希望我不留遗憾，不负自己，如果前方没有路，那变闯出一条路，乾坤未定，怎知我不是黑马！2025高考加油！

?观影贴士",2025/2/22 21:40,临汾,0,0.9821106791496277,山西省,0
1211643651,5.0,"终于有一部动画片可以让国人内心久久激荡。嗯，我们起的一个大早，和孩子一起去看最早的那场哪吒的电影，一进去以后，我发现宽目平的大的那个厅座无虚席，从第一排一直到最后一排，满满当当，扶老携幼，这种景象也是难得一见的。在一个星期六的早上八点钟
在这部电影里面，我们看到了很多感动的点，比如说我命由我不由天，比如说届时不是真正的被认可的那个人，可是他们也有自己内心的尊严和向往，以及他们的追求
比如人的成见就像一座大山，挪威的出身让我们丧失了很多应该有的机会，也不是所要努力的结果，就一定是成功，那什么是成功，什么是努力的意义，在现实生活中有无限的折射，让人不禁陷入深深的思考",2025/4/21 18:32,北京,0,0.9770631790161133,北京市,0
1211647621,5.0,"家人们谁懂啊！《哪吒之魔童闹海》真的太牛了！从电影一开始，我眼睛就被黏在屏幕上，根本挪不开。那画面，老炫了，色彩鲜艳，特效也超厉害，跟施了魔法似的。剧情更是没话说，又燃又好玩，一会儿把我逗得嘎嘎乐，一会儿又把我感动得稀里哗啦。

就感觉它像冬天里的小火炉，暖烘烘的。看完从影院出来，心里还暖乎乎、乐滋滋的，好久都没缓过神来。这电影真的，家人们听我的，赶紧去看，不看后悔一万年！",2025/4/21 16:33,瑞安,0,0.9955059289932251,浙江省,0
1211623391,4.5,剧情方面还不错，但有一点不理解，为啥丢哪吒、敖丙和李靖夫妇进丹炉的时候，那个小盖子上面的纹路是美元的符号？石矶娘娘的人物形象设计，个人感觉很失败，相比于第一部，第二部中的哪吒，似乎变得更感性一些了，导演对于哪吒的情感变化刻画地更加细腻了，双魂一体的构思也很巧妙，强化了哪吒和敖丙之间的友情羁绊，总体来说《魔童闹海》还是一部非常值得一看的国产优秀电影，为所有参与制作和拍摄的人员们点赞,2025/4/20 20:21,广州,0,0.759543240070343,广东省,0
1211602864,5.0,"哪吒非常值得一看，哪吒的故事在影视作品中被赋予了新的生命和深度，尤其是在《哪吒之魔童闹海》这部电影中。影片通过现代特效和创新的剧情，将传统神话与现代文化相结合，展现了哪吒这一角色的复杂性和多面性。哪吒的故事不仅仅是关于他的冒险和战斗，还涉及到命运、善恶、亲子关系等深刻主题。影片中的角色塑造饱满，情感丰富，尤其是亲情线的描绘，让人感动和珍惜。此外，哪吒在成长过程中展现出的勇气和反抗精神，也使得这个角色非常值得观看和思考。
",2025/4/20 7:21,青岛,2,0.9725024700164795,山东省,2
1211647502,5.0,不错  非常好看,2025/4/21 10:48,蚌埠,0,0.8747751116752625,安徽省,0
1211663338,4.5,推荐，适合一家人一起看,2025/4/21 10:44,清远,0,0.845778226852417,广东省,0
1211618654,1.5,剧情逻辑、人物塑造不能细想,2025/4/21 10:44,北京,1,0.013958394527435303,北京市,1
1211648438,5.0,好看，完美的一部影片,2025/4/21 10:43,包头,1,0.9621142745018005,内蒙古自治区,1
1211651462,5.0,陪孩子去看的，挺好看,2025/4/21 10:40,西安,0,0.7998455166816711,陕西省,0
1211666391,5.0,好看，不错的产品,2025/4/21 10:38,赣州,0,0.7939154505729675,江西省,0
1211649441,5.0,很好，很不错,2025/4/21 10:36,天台,0,0.9362810254096985,未知省份,0
1211639506,5.0,非常好看的一部电影，,2025/4/21 10:34,铜梁,1,0.9577063918113708,未知省份,1
1211658471,5.0,完美，没有什么槽点。,2025/4/21 10:30,北京,1,0.9854359030723572,北京市,1
1211639503,4.5,好看，很感人，值得一看,2025/4/21 10:26,任丘,0,0.8434634804725647,河北省,0
1211628626,5.0,很好看超级棒,2025/4/21 10:24,鞍山,0,0.9727115631103516,辽宁省,0
1211625511,5.0,剧情很好，棒极了！是个值得推荐的国产动漫电影！,2025/4/21 10:23,高平,2,0.9621593952178955,山西省,2
1211648430,5.0,"挺好看的.
",2025/4/21 10:20,楚雄,0,0.691754937171936,云南省,0
1211615671,5.0,很震撼啊继续加油,2025/4/21 10:15,湾沚区,1,0.9706947207450867,未知省份,1
1211649433,5.0,非常不错，国产动画片做的太好了！,2025/4/21 10:13,乌海,1,0.9594170451164246,内蒙古自治区,1
1211630655,5.0,国漫天花板，从剧情到特效，果然是又升高了一个层次，饺子导演厉害了！,2025/4/21 10:12,兴城,2,0.963629424571991,辽宁省,2
1211633618,5.0,好看，二刷了,2025/4/21 10:12,武汉,0,0.6836531162261963,湖北省,0
1211653513,5.0,剧情简直太棒了，画面也很好。视觉效果不错。这次看电影物超所值??????,2025/4/21 10:11,淄博,0,0.9866495728492737,山东省,0
1211658462,5.0,可以挺好看的,2025/4/21 10:10,原阳,0,0.5331045985221863,未知省份,0
1211659468,4.0,非常棒的一部剧,2025/4/21 10:09,沈阳,0,0.983364462852478,辽宁省,0
1211662409,4.0,剧情90分 画面90分 演技87分,2025/4/21 10:07,无锡,0,0.8900356888771057,江苏省,0
1211660466,4.5,很好的电影，期待票房大卖,2025/4/21 10:03,青岛,0,0.9666478633880615,山东省,0
1211628619,5.0,好看，期待下一部,2025/4/21 10:03,石家庄,0,0.9529038667678833,河北省,0
1211636557,5.0,好看推荐嘻嘻,2025/4/21 9:57,聊城,2,0.94596928358078,山东省,2
1211616678,5.0,特别好看，不敢想象,2025/4/21 9:54,抚州,0,0.9436747431755066,江西省,0
1211613702,4.0,国产高光时刻必须的,2025/4/21 9:52,大连,1,0.9610847234725952,辽宁省,1
1211614724,5.0,那真的是很棒咯 二刷,2025/4/21 9:44,西安,0,0.9628299474716187,陕西省,0
1211632536,5.0,让人感动，画面超好,2025/4/21 9:36,清远,0,0.9767696261405945,广东省,0
1211633612,5.0,好二刷了很好,2025/4/21 9:35,西安,2,0.8994560837745667,陕西省,2
1211620689,5.0,很好吃，很满意，,2025/4/21 9:34,张掖,0,0.9678620100021362,甘肃省,0
1211653605,4.0,好??很不错,2025/4/21 15:15,揭阳,1,0.7172996401786804,广东省,1
1211626670,5.0,好看，真的好看,2025/4/21 15:11,武汉,1,0.8465508818626404,湖北省,1
1211643600,5.0,非常好，很喜欢,2025/4/21 15:11,莱芜,0,0.9664031267166138,山东省,0
1211661452,5.0,剧情棒极了  值得推荐  国产电影蒸蒸日上  期待下一集赶紧上映,2025/4/21 15:09,乌鲁木齐,0,0.9830067753791809,新疆维吾尔自治区,0
1211652589,5.0,太棒了值得全家去看,2025/4/21 15:07,西安,0,0.9936867356300354,陕西省,0
1211645611,5.0,国产动画起飞之作,2025/4/21 15:05,昆明,1,0.21948105096817017,云南省,1
1211655551,5.0,还不错，已经是第二次观看了，带小朋友来,2025/4/21 14:58,中山,0,0.643592894077301,广东省,0
1211628710,5.0,很好看啊，非常期待第三部,2025/4/21 14:57,淄博,0,0.9811027646064758,山东省,0
1211634649,2.5,电影不错，就是座位以前价钱都一样，现在后面的座都得加钱,2025/4/21 14:57,徐州,2,0.6729010939598083,江苏省,2
1211663426,5.0,助力百亿项目??,2025/4/21 14:57,梅州,0,0.36122214794158936,广东省,0
1211661443,5.0,国产动漫的希望,2025/4/21 14:44,呼和浩特,0,0.22595542669296265,内蒙古自治区,0
1211622671,5.0,好非常好！！？,2025/4/21 14:43,北京,2,0.9392077326774597,北京市,2
1211626663,4.5,国漫崛起很好,2025/4/21 14:43,秦皇岛,1,0.7905644178390503,河北省,1
1211660542,4.5,非常棒！非常值得一看！,2025/4/21 14:38,乌鲁木齐,0,0.9847383499145508,新疆维吾尔自治区,0
1211634645,5.0,棒极了，极力推荐,2025/4/21 14:35,长春,0,0.9900700449943542,吉林省,0
1211647585,5.0,很好，可以二刷,2025/4/21 14:22,鄂尔多斯,2,0.8849709630012512,内蒙古自治区,2
1211663421,5.0,很好。 不错,2025/4/21 14:22,贵阳,0,0.898885190486908,贵州省,0
1211643583,5.0,很好看，大家都值得入手,2025/4/21 14:21,南昌,0,0.8552037477493286,江西省,0
1211617841,0.5,1分给特效。,2025/4/21 14:18,济源,0,0.03186535835266113,河南省,0
1211614806,5.0,世界第一等啊,2025/4/21 14:16,天津,1,0.9800553321838379,天津市,1
1211639574,5.0,好看的，看了两遍,2025/4/21 14:13,常州,0,0.7341665029525757,江苏省,0
1211649505,5.0,电影太棒了，国产电影崛起了,2025/4/21 14:11,宝鸡,0,0.9485176801681519,陕西省,0
1211627686,5.0,好看，非常好看,2025/4/21 14:11,德州,0,0.9251213073730469,山东省,0
1211638590,5.0,推荐，画面好，剧情优秀,2025/4/21 14:10,西安,0,0.9627231359481812,陕西省,0
1211648506,4.5,好看，画面特效不错,2025/4/21 14:07,仁寿,0,0.7401933670043945,未知省份,0
1211660537,4.5,朋友们，放心冲！性价比真的很高，而且交通非常方便，大家可以来体验体验！,2025/4/21 14:02,德州,0,0.8953178524971008,山东省,0
1211644572,3.5,环境一般，电影不错,2025/4/21 14:01,武汉,0,0.3724338412284851,湖北省,0
1211614800,5.0,好看，孩子很开心。,2025/4/21 13:58,铜仁,0,0.8914561867713928,贵州省,0
1211663413,5.0,超爽的一部，带着孩子合家欢不错，推荐,2025/4/21 13:55,北京,1,0.8491299152374268,北京市,1
1211625555,5.0,这种现象级电影，就不多说了，确实挺好看的……这家影院第一次去，荧幕右边下侧有好几个暗斑，影响观影体验,2025/4/21 13:55,苏州,0,0.23965519666671753,江苏省,0
1211656598,5.0,视觉享受非常棒，特效做的逼真，故事情节动人，会一直支持哪吒系列，支持国产动画！,2025/4/21 18:05,温州,0,0.9752714037895203,浙江省,0
1211658606,5.0,阔以不错 ，国产动画优秀。,2025/4/21 18:01,东莞,2,0.6492874622344971,广东省,2
1211657567,5.0,剧情感人，画面清晰,2025/4/21 18:00,松原,0,0.9158728122711182,吉林省,0
1211659623,5.0,非常好的一部电影,2025/4/21 18:00,秦皇岛,2,0.9681905508041382,河北省,2
1211612953,5.0,挺好的，很满意！,2025/4/21 17:56,泰安,0,0.8952145576477051,山东省,0
1211661511,5.0,1.这是中国值得骄傲的影片。,2025/4/21 17:55,固安县,0,0.9704470038414001,河北省,0
1211658602,4.5,电影细节很细很有深度，显示了现实中国的发展和对西方的不满，有古建筑的中国文化！很好看很值得看多几遍！,2025/4/21 17:54,广州,0,0.9805552363395691,广东省,0
1211632671,5.0,太好看了，棒棒哒,2025/4/21 17:51,大同,0,0.962540864944458,山西省,0
1211644648,4.5,好看，老少皆宜,2025/4/21 17:51,怀化,0,0.9129087328910828,湖南省,0
1211614862,5.0,看着挺好的。,2025/4/21 17:49,沧州,0,0.5766209363937378,河北省,0
1211621794,5.0,带着大宝看了第二遍，还是一如既往的喜欢和支持，虽然在情节逻辑和动画质量上还有提高的空间，但是必须给中国动画电影点赞,2025/4/21 17:46,郑州,1,0.9475288987159729,河南省,1
1207686036,5.0,超级好看的，全程无尿点！而且也具有很深的教育意义“人心中的成见是一座大山”这句话也感染了我们，就像陈塘关被毁掉一样，因为对申公豹的偏见，很多人都以为是他毁了陈塘关，然而他却看到弟弟受伤的那一刻还能冷静分析出真正的真凶，这点也告诉了我们见到的不一定就是事实，不管怎么样，冷静的面对才能真正看到真相！给饺子导演一个大大的????！希望哪吒一路长虹，也希望饺子导演给我们带来更好的作品！！！,2025/4/21 17:46,深圳,0,0.995602011680603,广东省,0
1211642716,5.0,好看，支持。,2025/4/21 17:46,呼伦贝尔,1,0.920455276966095,内蒙古自治区,1
1211646539,4.5,震撼，给力！,2025/4/21 17:37,阜阳,0,0.9777523875236511,安徽省,0
1211661498,5.0,画面太美了，可以吗,2025/4/21 17:33,河源,0,0.8993585109710693,广东省,0
1211647635,5.0,想当好，非常值得看,2025/4/21 17:32,银川,1,0.9041315913200378,宁夏回族自治区,1
1211612941,5.0,好是好看 打斗戏太多了 看得我眼花缭乱,2025/4/21 17:31,重庆,1,0.9180424213409424,重庆市,1
1211652631,5.0,不限时这一点真的爱了，可以慢慢悠悠的享受整个过程，被治愈了,2025/4/21 17:29,重庆,0,0.9820830821990967,重庆市,0
1211649546,5.0,很好看！艺术成分很大,2025/4/21 17:24,南京,2,0.973293662071228,江苏省,2
1211642701,5.0,可以很好看值得推荐,2025/4/21 17:23,成都,0,0.8187292814254761,四川省,0
1211633728,5.0,比较不错看得我眼泪哗啦啦,2025/4/21 17:21,潍坊,0,0.713577151298523,山东省,0
1211624716,0.5,看不太懂，感觉剧情有点乱,2025/4/21 17:13,盘锦,0,0.08585035800933838,辽宁省,0
1211652622,3.0,剧情为热血让步了,2025/4/21 17:10,杭州,0,0.03764963150024414,浙江省,0
1211617882,5.0,哪吒2神作不解释,2025/4/21 17:09,厦门,0,0.9728997349739075,福建省,0
1211661485,5.0,科技六路橡树街区,2025/4/21 17:02,西安,1,0.318539559841156,陕西省,1
1211639625,5.0,好看，不错，看了几次,2025/4/21 17:00,广州,0,0.7048051953315735,广东省,0
1211654648,5.0,画质可以，孩子喜欢,2025/4/21 16:53,大理,0,0.47960883378982544,云南省,0
1211615785,5.0,可以，不错，,2025/4/21 16:52,湘潭,0,0.5502205491065979,湖南省,0
1211626692,5.0,超好看！！！,2025/4/21 16:44,淮北,0,0.9889084696769714,安徽省,0
1211668473,5.0,值得一看，真棒??,2025/4/21 16:42,诸暨,0,0.062387287616729736,浙江省,0
1211666497,5.0,第二次看，感觉更好看。很不错，值得一看。,2025/4/21 16:42,上海,2,0.8898675441741943,上海市,2
1211665482,4.5,挺好看的  带小孩去看的  非常喜欢,2025/4/21 16:35,平湖,0,0.7559263706207275,浙江省,0
1211643625,5.0,非常好，吊打国外片,2025/4/21 16:27,重庆,1,0.9760982394218445,重庆市,1
1211617864,5.0,挺好看的还是,2025/4/21 16:25,成都,0,0.6911352276802063,四川省,0
1211661471,5.0,当时看完很有意思,2025/4/21 16:25,邢台,0,0.7747709155082703,河北省,0
1211658578,5.0,还好吧特好看,2025/4/21 16:25,赣州,0,0.34165245294570923,江西省,0
1211642680,5.0,非常不错的一部电影,2025/4/21 16:24,奉化,2,0.9159010052680969,浙江省,2
1211657535,5.0,很好的国产动画电影,2025/4/21 16:22,六安,0,0.8962891697883606,安徽省,0
1211641616,5.0,看了2遍，必须支持,2025/4/21 16:22,天津,0,0.9939875602722168,天津市,0
1211619679,5.0,剧情非常nice，好喜欢熬闰还有灵珠合体，敖丙丙好可爱。,2025/4/21 16:19,益阳,0,0.9634703993797302,湖南省,0
1211627712,5.0,很好看，值得推荐,2025/4/21 16:17,贵阳,0,0.8991541862487793,贵州省,0
1211659579,5.0,好看，剧情值得观看,2025/4/21 16:14,武汉,0,0.9086707234382629,湖北省,0
1211643619,5.0,国产动画的标杆,2025/4/21 16:11,重庆,0,0.8952357769012451,重庆市,0
1211650624,5.0,非常不错 太棒了,2025/4/21 16:08,太原,0,0.962297797203064,山西省,0
1211668466,5.0,好看，二刷还是好看,2025/4/21 16:03,北京,0,0.35794126987457275,北京市,0
1211654635,5.0, 嗨翻天的动画电影——#哪吒闹海#刷爆了三次，小伙伴们都快来点赞吧！??????,2025/4/21 15:58,新乡,2,0.8627864122390747,河南省,2
1211616781,5.0,非常好看，大人小孩都喜欢。,2025/4/21 15:50,荣昌区,0,0.9007570147514343,重庆市,0
1211626681,5.0,好看，值得。,2025/4/21 15:49,新密,0,0.9176093935966492,河南省,0
1211615761,5.0,很好，非常好看,2025/4/21 15:48,黄石,1,0.938238263130188,湖北省,1
1211650615,1.0,？究竟。。。,2025/4/21 15:46,淮南,0,0.1476597785949707,安徽省,0
1211633706,4.5,非常好，很喜欢,2025/4/21 15:45,马鞍山,2,0.9664031267166138,安徽省,2
1211643608,5.0,非常好看！！,2025/4/21 15:41,新泰,0,0.986919105052948,山东省,0
1211637669,4.5,好看 爱看的,2025/4/21 15:34,漯河,0,0.6736255288124084,河南省,0
1211647602,5.0,好看，超赞。,2025/4/21 15:34,南京,0,0.9607638716697693,江苏省,0
1211629667,5.0,我愿给到五星??，因为布景非常用心，太太太棒了！,2025/4/21 15:33,哈尔滨,0,0.9934651255607605,黑龙江省,0
1211614827,4.5,很不错，值得去看,2025/4/21 15:25,兰州,0,0.8477755188941956,甘肃省,0
1211665465,5.0,很好看很震撼,2025/4/21 15:21,金华,0,0.9469897747039795,浙江省,0
1211652594,4.5,硬控2个多小时，跟着剧情走，很震撼，孩子也看的很认真，后面问什么她都记得。推荐推荐，大家都去看看。也很有教育意义，也很有反腐意义。值得深思,2025/4/21 15:19,济南,0,0.9486484527587891,山东省,0
1211630735,5.0,好看的，剧情感人,2025/4/21 15:16,玉林,0,0.8872915506362915,广西壮族自治区,0
1211653701,5.0,很好，值得一看。,2025/4/21 19:38,上海,2,0.8884312510490417,上海市,2
1211619732,3.5,为了孩子来看的,2025/4/21 19:22,重庆,2,0.5621680617332458,重庆市,2
1211664527,5.0,太好看了，一个人去看的，下次再带朋友看一次,2025/4/21 19:15,福州,0,0.9526131749153137,福建省,0
1211652664,5.0,很好。支持。,2025/4/21 19:11,锡林郭勒,0,0.9351083040237427,未知省份,0
1211634736,5.0,棒极了，极力推荐,2025/4/21 19:11,北京,0,0.9900700449943542,北京市,0
1211647679,5.0,视觉效果一级棒,2025/4/21 19:09,洛阳,0,0.9557942152023315,河南省,0
1211637744,5.0,可以！搞笑！新怡！,2025/4/21 19:07,遂宁,0,0.3163108229637146,四川省,0
1211618802,4.0,挺好的。。。,2025/4/21 19:04,眉山,2,0.6933315992355347,四川省,2
1211643664,5.0,我自己看过两遍，这次是带老人去的，依然很好看,2025/4/21 19:02,南京,0,0.9477220177650452,江苏省,0
1211619725,5.0,好！希望国漫越来越好！,2025/4/21 18:57,成都,0,0.9785269498825073,四川省,0
1211658626,5.0,棒极了，极力推荐,2025/4/21 18:56,厦门,0,0.9900700449943542,福建省,0
1211657584,5.0,非常好看！孩子也爱看！,2025/4/21 18:55,天津,2,0.9758684635162354,天津市,2
1207236084,5.0,剧情很棒，画面感也非常好，特效更是不得了！,2025/4/21 18:52,西安,2,0.9789571166038513,陕西省,2
1211643658,5.0,还可以吧，不,2025/4/21 18:50,景德镇,0,0.20002520084381104,江西省,0
1211618798,2.5,3D看着眼晕，还不如看普通的,2025/4/21 18:46,太原,1,0.04123497009277344,山西省,1
1211650676,5.0,无须多言好看,2025/4/21 18:45,攀枝花,0,0.9898518919944763,四川省,0
1211639664,5.0,哪吒好看！！,2025/4/21 18:40,内江,2,0.8955509662628174,四川省,2
1211658620,5.0,公认的好电影，必须贡献票房，国产电影??中特效算是相当顶呱呱的，看过的大家都知道,2025/4/21 18:39,重庆,0,0.9469892382621765,重庆市,0
1211633748,5.0,好看，真的非常好看,2025/4/21 18:37,昆明,2,0.900489866733551,云南省,2
1211617904,5.0,被哪吒的回忆感动哭了，他有一对好父母，特别是妈妈??共进退的不一定是爱人，友谊尚可！,2025/4/21 18:37,钦州,0,0.8084043860435486,广西壮族自治区,0
1211613881,3.0,还行，我觉得剧情有点差,2025/4/21 18:37,南宁,0,0.1434381604194641,广西壮族自治区,0
1211647666,5.0,很好，剧情很现代。,2025/4/21 18:34,洛阳,0,0.9619601368904114,河南省,0
1211622744,5.0,孩子很喜欢，家人一起观看,2025/4/21 18:34,宿州,2,0.7894101738929749,安徽省,2
1211662577,5.0,可以！！！！,2025/4/21 18:33,海宁,1,0.7106142044067383,浙江省,1
1211642731,4.5,喜欢后面的情节，意想不到。,2025/4/21 18:27,贵港,0,0.8458110094070435,广西壮族自治区,0
1211649574,4.5,特别好看的电影推荐,2025/4/21 18:25,北京,0,0.9715024828910828,北京市,0
1211629716,5.0,超赞??，价格实惠品质还不赖，真是一个宝藏平台,2025/4/21 18:16,枣庄,0,0.720138430595398,山东省,0
1211649561,5.0,推荐 强烈推荐,2025/4/21 18:07,济宁,0,0.9888823628425598,山东省,0
1211647652,4.5,还行吧 厅不算大,2025/4/21 18:06,义乌,0,0.16875731945037842,浙江省,0
1211660534,5.0,都很好我喜欢,2025/4/21 13:49,黄石,0,0.9531445503234863,湖北省,0
1211644566,4.5,剧情挺好呀n,2025/4/21 13:48,济宁,0,0.6930352449417114,山东省,0
1211620758,5.0,好看，非常不错,2025/4/21 13:47,佛山,0,0.8814822435379028,广东省,0
1211621714,5.0,中国动画牛哇牛哇,2025/4/21 13:43,运城,0,0.6095914244651794,山西省,0
1211661427,5.0,挺好看，很震撼,2025/4/21 13:41,仙桃,0,0.794681966304779,湖北省,0
1211639565,5.0,神，无敌的电影。,2025/4/21 13:38,北京,0,0.9526991844177246,北京市,0
1211649493,5.0,太好看了我还想二刷,2025/4/21 13:35,广州,0,0.9841947555541992,广东省,0
1211635591,5.0,非常好看，值得推荐,2025/4/21 13:28,中山,0,0.93268221616745,广东省,0
1211635589,5.0,大人孩子都特别喜欢，强烈推荐,2025/4/21 13:27,郑州,0,0.9809793829917908,河南省,0
1211638574,5.0,非常的好看哦,2025/4/21 13:26,汕头,0,0.9163482189178467,广东省,0
1211627676,4.5,挺好看的！继续努力,2025/4/21 13:24,昆明,2,0.8439351916313171,云南省,2
1211659536,5.0,好看的也多的很多,2025/4/21 13:19,安康,0,0.682767927646637,陕西省,0
1211651532,5.0,好看，，，，,2025/4/21 13:16,天津,0,0.8870739936828613,天津市,0
1211651530,5.0,剧情画面各方面都不错,2025/4/21 13:13,广州,2,0.9484924674034119,广东省,2
1211646478,5.0,不错，国产动画片完胜美日,2025/4/21 13:13,深圳,0,0.8896753191947937,广东省,0
1211661410,5.0,非常好看，非常赞,2025/4/21 13:00,广州,1,0.9682102203369141,广东省,1
1211651522,5.0,非常推荐 特别是屠村那段 真的让人误会 还是推荐自己看吧！,2025/4/21 12:57,贵阳,0,0.9771012663841248,贵州省,0
1211663382,5.0,"真不错
好耶",2025/4/21 12:50,枣庄,0,0.9334414005279541,山东省,0
1211654593,0.5,很好看，好看的想贷款200w去看,2025/4/21 12:49,诸暨,0,0.9754118323326111,浙江省,0
1211616738,5.0,不错，再看！,2025/4/21 12:47,贵阳,1,0.7349246144294739,贵州省,1
1211621694,4.5,我愿给到五星??，太太太棒了！很好看，孩子们都很喜欢看，很震撼,2025/4/21 12:45,信阳,0,0.9951807260513306,河南省,0
1211641553,5.0,完美，非常好看，效果杠杠的,2025/4/21 12:43,西安,0,0.9442991614341736,陕西省,0
1211660514,5.0,很经典，怪不得能创造票房奇迹,2025/4/21 12:42,惠州,1,0.8868177533149719,广东省,1
1211666429,5.0,颠覆我对国漫的认知  真的很好看  天花板啦,2025/4/21 12:41,成都,0,0.7987346053123474,四川省,0
1211641550,5.0,"好看好看，看了第一部回去就重刷第一部了
??",2025/4/21 12:37,河源,0,0.967932939529419,广东省,0
1211631593,5.0,小孩子喜欢??,2025/4/21 12:37,上海,0,0.1884196400642395,上海市,0
1211639543,5.0,《哪吒》这部电影真的非常出色呢!强烈推荐你也看看。(≧▽≦)/~┴┴,2025/4/21 12:31,连江,0,0.9693331122398376,未知省份,0
1211627662,5.0,很喜欢 支持支持！,2025/4/21 12:28,沈阳,0,0.9681933522224426,辽宁省,0
1211663375,4.5,很棒一直都给五星好评，因为店家确实值得，朋友们来过就知道性价比有多高了????,2025/4/21 12:22,常州,0,0.9956210255622864,江苏省,0
1211623652,5.0,"特别好
?? 推荐",2025/4/21 12:21,广州,0,0.11061257123947144,广东省,0
1211652537,5.0,非常的好看 国风顶尖作品,2025/4/21 12:21,瑞安,1,0.9688470363616943,浙江省,1
1211613757,5.0,太喜欢哪吒了，剧情效果颜值画风都很满意 搞笑成分也多，象征着我们中国的精神,2025/4/21 12:20,临沂,0,0.988278329372406,山东省,0
1211651503,5.0,很棒，推荐！,2025/4/21 12:17,哈尔滨,2,0.9893003106117249,黑龙江省,2
1211667375,5.0,好看！！！！,2025/4/21 12:13,全椒,0,0.9872165322303772,未知省份,0
1211612858,5.0,好，等待了多时的，电影终于看了，很开心,2025/4/21 12:12,上海,0,0.9241749048233032,上海市,0
1211617808,5.0,电影真的超好看！剧情紧凑，演员表现出色，特效也很震撼，支持影院的优质服务，下次还会带朋友一起来！,2025/4/21 12:12,青岛,0,0.9927466511726379,山东省,0
1211613754,5.0,太棒了，励志电影,2025/4/21 12:07,临沂,0,0.9671027064323425,山东省,0
1211655501,5.0,好看 非常好看,2025/4/21 12:02,延边,2,0.9455233812332153,未知省份,2
1211655498,5.0,可以去看看。,2025/4/21 11:59,深圳,0,0.1871071457862854,广东省,0
1211613745,5.0,二刷了，有时间还会三刷、四刷,2025/4/21 11:57,成都,1,0.49300670623779297,四川省,1
1211642597,4.5,好看推荐，加油,2025/4/21 11:56,南京,1,0.8227255940437317,江苏省,1
1211642595,5.0,很好看bhca,2025/4/21 11:55,南京,0,0.8952887654304504,江苏省,0
1211651494,5.0,看了两遍 还想看,2025/4/21 11:53,北京,0,0.8442437052726746,北京市,0
1211615694,5.0,国漫之光，强烈推荐！,2025/4/21 11:46,宜兴,0,0.9750657677650452,江苏省,0
1211633644,5.0,电影很好看，特效剧情都特别好,2025/4/21 11:43,齐齐哈尔,0,0.9570325016975403,黑龙江省,0
1211616714,5.0,还是不错的电影,2025/4/21 11:41,宿迁,0,0.6621443033218384,江苏省,0
1211631574,5.0,剧情好看，孩子喜欢,2025/4/21 11:38,庆阳,0,0.7981808185577393,甘肃省,0
1211633643,5.0,非常好，，，，,2025/4/21 11:36,广州,0,0.9729332327842712,广东省,0
1211631573,5.0,特意带妈妈来看，,2025/4/21 11:35,巩义,0,0.814429521560669,河南省,0
1211660491,5.0,孩子一个人去看的，很好看。,2025/4/21 11:30,平罗县,0,0.9481122493743896,宁夏回族自治区,0
1211624615,4.5,还不错，有笑有泪,2025/4/21 11:28,广州,0,0.6461426019668579,广东省,0
1211668390,4.5,"挺不错,值得观看！",2025/4/21 11:25,南沙,0,0.7097267508506775,未知省份,0
1211649455,5.0,剧情不错人物特别好看。,2025/4/21 11:23,烟台,0,0.8070380091667175,山东省,0
1211628648,4.5,感觉很好看，,2025/4/21 11:18,黄冈,2,0.8122717142105103,湖北省,2
1211638530,4.5,这部电影好看的捏,2025/4/21 11:17,长沙,0,0.9091771245002747,湖南省,0
1211649450,5.0,不错，还二刷了呢,2025/4/21 11:16,衡阳,2,0.8396409749984741,湖南省,2
1211616707,4.5,很好看，我家小朋友也喜欢看,2025/4/21 11:11,长寿,0,0.8869585990905762,未知省份,0
1211614745,5.0,非常的好看！,2025/4/21 11:07,沁阳,0,0.9683826565742493,河南省,0
1211624609,5.0,值得一看！！！！,2025/4/21 11:05,铁岭,2,0.9523701667785645,辽宁省,2
1211644516,5.0,不错！！！！,2025/4/21 10:52,成都,0,0.9001365900039673,四川省,0
1211624590,5.0,带小孩去的都说好看,2025/4/21 9:25,湛江,0,0.824205219745636,广东省,0
1211622569,4.5,剧情一般，特效不错的一部爆米花片,2025/4/21 9:20,广州,0,0.25939369201660156,广东省,0
1211661343,5.0,很好看啊，二刷了,2025/4/21 9:20,廉江,0,0.8317340016365051,广东省,0
1211657430,4.5,剧情画面都很好。,2025/4/21 9:16,常州,0,0.955164909362793,江苏省,0
1211618633,5.0,内涵很多，国人应该都能看懂，希望这样良心匠心用心的作品，越来越多，感谢导演了！,2025/4/21 9:15,本溪,0,0.9927706122398376,辽宁省,0
1211625491,5.0,剧情很精彩，很感人。,2025/4/21 9:15,昆明,2,0.9301841259002686,云南省,2
1211624587,4.5,很值得一看。,2025/4/21 9:10,西安,0,0.8678199648857117,陕西省,0
1211658443,5.0,好看 超喜欢哪吒的,2025/4/21 9:03,赤峰,2,0.958686888217926,内蒙古自治区,2
1211621634,4.5,这部作品确实值得推荐，剧情设计巧妙，起伏跌宕，十分动人，让人沉浸其中难以自拔。,2025/4/21 9:01,青岛,1,0.9550133347511292,山东省,1
1211640526,5.0,很好看，值得一看哦,2025/4/21 8:58,安顺,1,0.8609442114830017,贵州省,1
1211667321,5.0,好看，爱看。二刷,2025/4/21 8:57,南京,2,0.8837512731552124,江苏省,2
1211650492,5.0,好看不错，tui?j,2025/4/21 8:54,兰州,2,0.7184527516365051,甘肃省,2
1211661338,5.0,好，二刷了。,2025/4/21 8:52,哈尔滨,0,0.594265341758728,黑龙江省,0
1211620678,5.0,挺好的，值得推荐,2025/4/21 8:43,平阴县,0,0.7625472545623779,山东省,0
1211617741,5.0,真的很值得去看,2025/4/21 8:42,兴安盟,0,0.913826584815979,内蒙古自治区,0
1211635497,5.0,好看好看，搞笑全家都喜欢??,2025/4/21 8:34,酒泉,0,0.3578490614891052,甘肃省,0
1211649418,4.5,好看，孩子高兴得很,2025/4/21 8:32,重庆,2,0.8369711637496948,重庆市,2
1211643494,4.5,很好的哦按照,2025/4/21 8:30,上海,0,0.8350603580474854,上海市,0
1211654530,4.5,太好看了，国产动画的骄傲,2025/4/21 8:30,张掖,2,0.9819304347038269,甘肃省,2
1211669316,5.0,很棒，这么长时间的等待是值得的，给导演鼓个掌,2025/4/21 8:26,常州,0,0.9717569351196289,江苏省,0
1211652478,5.0,超棒的，小孩很喜欢,2025/4/21 8:24,宜昌,1,0.9567139148712158,湖北省,1
1211629539,5.0,看两遍了，很喜欢,2025/4/21 8:10,亳州,0,0.9610841870307922,安徽省,0
1211660445,5.0,好看不错了，谢谢,2025/4/21 8:08,六安,2,0.7456045746803284,安徽省,2
1211652477,4.5,好看的很，不错,2025/4/21 8:03,杭州,1,0.7558505535125732,浙江省,1
1211629538,4.5,非常好看啊。,2025/4/21 8:02,宜昌,0,0.9311590790748596,湖北省,0
1211633597,5.0,看了好几遍，都有不同的理解，中国电影骄傲,2025/4/21 8:00,西华,0,0.9624332785606384,未知省份,0
1211629537,5.0,"带娃看《哪吒2》，这波不亏！

家人们，春节带孩子看《哪吒2》，真的太值了！

开场就是炫酷特效，直接把孩子的眼球牢牢抓住。陈塘关的热闹、龙宫的神秘，每一帧都像奇幻冒险的邀请函，孩子看得目不转睛，爆米花拿在手里都忘了吃。

这部电影可不只是视觉盛宴，里面的亲情戏太好哭了。哪吒和父母的互动，一会儿让我们笑出猪叫，一会儿又把我们感动得稀里哗啦。看到哪吒为救父母不顾一切，孩子悄悄攥紧了我的手，那一刻我知道，她被这份纯粹的爱击中了 。

除了亲情，哪吒和敖丙的友情也让孩子感触很深。他们一起并肩作战，相互信任，让孩子明白了真正的友谊是在困难中相互扶持 。回家路上，孩子就说要像哪吒和敖丙一样，对朋友更真诚。

电影里还有好多四川方言和传统文化元素，像结界兽神似三星堆文物，配乐里融入侗族山歌，给孩子科普的时候，感觉又上了一堂生动的传统文化课 。

唯一小缺点就是前半段节奏有点慢，不过不影响 overall 的精彩。真心推荐家长们带孩子去看，在这场欢乐与感动交织的冒险里，孩子能收获勇气、懂得友情和珍惜亲情，咱们大人也能重拾久违的热血与感动 ！ ",2025/4/21 7:59,盘锦,2,0.9955835938453674,辽宁省,2
1211650486,5.0,很好看挺不错,2025/4/21 7:44,呼和浩特,0,0.7980789542198181,内蒙古自治区,0
1211661331,5.0,看了两遍！！！推荐了身边同事去看，都说好。,2025/4/21 7:41,白山,0,0.9880927205085754,吉林省,0
1211627592,3.0,74分，如果是2D可能比3D更好，,2025/4/21 7:37,韶关,0,0.28575754165649414,广东省,0
1211658410,4.5,很好看的电影,2025/4/21 0:43,南宁,0,0.931613028049469,广西壮族自治区,0
1211632495,5.0,好看 很喜欢,2025/4/21 0:36,北流,2,0.9099268913269043,广西壮族自治区,2
1211668316,5.0,"尊敬的球队成员们，

我想借此机会对你们在最近的比赛中所展现出的卓越表现表示由衷的赞赏和感谢。你们的进攻策略不仅展示了团队的凝聚力和默契，而且为球队带来了显著的战术优势。你们的每一次冲刺、每一次精准传球、每一次果断射门都彰显了你们的勇气和决心。

你们在场上的表现不仅为球队赢得了宝贵的积分，更重要的是，你们的努力和拼搏精神激励了每一位队友。你们的成功是对团队合作精神的最好诠释，也是对个人毅力和专业技能的最高赞誉。你们的每一次进攻都是对对手的挑战，也是对我们团队实力的有力证明。

在此，我要对你们的辛勤付出表示最深的敬意和感激。你们的努力不仅提升了球队的整体实力，更为我们共同的目标注入了强大的动力。让我们一同期待在接下来的比赛中继续保持这种势头，共同书写更多辉煌的篇章。

再次感谢你们的杰出贡献，让我们携手并进，共创辉煌！

真诚地，
[你的名字]",2025/4/21 0:27,东莞,0,0.9953920841217041,广东省,0
1211646369,5.0,动作剧情都蛮不错的一部，人物的塑造也很有特点，之前一直看网上的的推荐今天终于有时间去影院看看，的确是让人眼前一眼的作品，也至少不愧于登顶中国票房冠军了，真的蛮期待下一部哪吒系列电影了。,2025/4/21 0:24,潮州,0,0.9704144597053528,广东省,0
1211632489,4.0,还行吧，有待提高。,2025/4/21 0:22,佳木斯,1,0.05839723348617554,黑龙江省,1
1211652431,5.0,经典，劲爆…,2025/4/21 0:20,惠州,0,0.7810863256454468,广东省,0
1211631495,5.0,很好??太棒了,2025/4/21 0:18,呼和浩特,1,0.5451839566230774,内蒙古自治区,1
1211659404,5.0,挺好看的，二刷了,2025/4/21 0:13,上海,0,0.603682279586792,上海市,0
1211620620,3.5,还可以看看也行,2025/4/20 23:59,东莞,0,0.09884226322174072,广东省,0
1207268857,0.5,表现力是好的，但莫名其妙的堆梗让我看着直犯**，该严肃的地方莫名其妙来个逗笑你的梗观感很差，还有魔怔哪吒孝子真不好评价了,2025/4/20 23:52,襄阳,0,0.14240014553070068,湖北省,0
1211654463,5.0,非常震撼的一部国产动画，值得观看,2025/4/20 23:43,曲靖,0,0.832001805305481,云南省,0
1211621581,4.0,评价还有字数限制？,2025/4/20 23:26,石家庄,1,0.6627930998802185,河北省,1
1211621580,1.0,抱着太高期望去看，结果发现剧情连贯性不是很顺，尤其为什么无量仙翁要这么做的原因没有交代清楚,2025/4/20 23:26,兰州,0,0.12060624361038208,甘肃省,0
1211664317,5.0,是我看过最好看的动画片，超级震撼，导演很用心，影片也超级感人，都去看呀，我命由我不由天,2025/4/20 23:23,泉州,0,0.9943095445632935,福建省,0
1211632470,5.0,还不错，看着,2025/4/20 23:18,南京,0,0.5295384526252747,江苏省,0
1211617675,5.0,好看中国好戏棒,2025/4/20 23:17,惠州,0,0.9257655739784241,广东省,0
1211631472,5.0,好看还想去越界影城看一次,2025/4/20 23:12,贵阳,1,0.9763514995574951,贵州省,1
1211625404,5.0,二刷了，好看,2025/4/20 23:08,长沙,2,0.7975296974182129,湖南省,2
1211665270,5.0,真的很好看，第一部看过。特别期待的第二部，没有失望！！！！！超级好看,2025/4/20 23:07,长春,0,0.9951000809669495,吉林省,0
1211663240,5.0,特效太震撼，海底大战超燃！剧情深挖人性与命运，哪吒逆天改命超励志，亲情友情也十分动人，是一部超棒的动画电影！,2025/4/20 23:05,南京,2,0.990670919418335,江苏省,2
1211637469,5.0,还不错，适合青年人看。,2025/4/20 23:03,西安,0,0.5725170373916626,陕西省,0
1211612731,5.0,挺好的，值得,2025/4/20 23:03,东莞,2,0.7874780297279358,广东省,2
1211643425,5.0,剧情好，屏幕好，全都好,2025/4/20 23:03,北京,0,0.9822591543197632,北京市,0
1211628536,5.0,很好看，小孩很合适观看,2025/4/20 23:02,深圳,2,0.8592022657394409,广东省,2
1211622504,5.0,"无脑支持国产一下下～
需继续努力啊！",2025/4/20 23:01,北京,0,0.02328622341156006,北京市,0
1211648339,5.0,挺好的，搞笑又有科技感,2025/4/20 22:57,上虞,0,0.729550838470459,未知省份,0
1211656346,5.0,超级好看，又喜剧又感人。,2025/4/20 22:50,昭通,0,0.9847928285598755,云南省,0
1211616582,5.0,值得看#全家笑扎扎,2025/4/20 22:49,响水,2,0.6066608428955078,未知省份,2
1211655364,5.0,很好的电影，推荐,2025/4/20 22:44,舒城,0,0.9597243666648865,未知省份,0
1211667240,4.5,画面非常清晰。,2025/4/20 22:40,潍坊,0,0.8981809020042419,山东省,0
1211633366,5.0,第二次看了，全家一起看,2025/4/20 19:20,惠州,0,0.9093539118766785,广东省,0
1211659227,5.0,剧情挺好，画质也清晰，就是穿短裤短袖进去有点热,2025/4/20 19:16,蚌埠,0,0.765547513961792,安徽省,0
1211617528,5.0,电影很好，影院不好，热死了,2025/4/20 19:12,合肥,1,0.26809144020080566,安徽省,1
1211615409,5.0,果然不虚此行，虽然人比较多，但架不住美呀，全程惊喜连连,2025/4/20 19:11,唐山,0,0.9955553412437439,河北省,0
1211630402,5.0,不错，画面唯美。,2025/4/20 19:07,六安,0,0.8287427425384521,安徽省,0
1211632311,5.0,特别好，可以,2025/4/20 19:07,乌鲁木齐,0,0.8443630337715149,新疆维吾尔自治区,0
1211659219,4.5,凑个热闹，比隔壁封神强多了,2025/4/20 19:04,大连,0,0.5316691398620605,辽宁省,0
1211669085,5.0,孩子爱看，片子也好,2025/4/20 19:01,西宁,0,0.8431199193000793,青海省,0
1211666123,5.0,票房高是有原因的,2025/4/20 19:00,昌都,0,0.5947875380516052,西藏自治区,0
1211645302,5.0,还可以 适合全家看,2025/4/20 18:59,荆门,1,0.3378276824951172,湖北省,1
1211613480,5.0,"春节档最佳 特效做得很牛 整部电影笑点泪点燃点一应俱全又恰到好处

",2025/4/20 18:57,长沙,2,0.9713811874389648,湖南省,2
1211638279,5.0,不错，挺好的,2025/4/20 18:55,郑州,1,0.742805004119873,河南省,1
1211653268,4.5,还可以，就是好看，,2025/4/20 18:54,武汉,0,0.49313026666641235,湖北省,0
1211656195,5.0,不错挺好的。,2025/4/20 18:49,深圳,0,0.7228963375091553,广东省,0
1211646186,4.0,还算ok 国漫里不错的了,2025/4/20 18:49,北安市,0,0.45821088552474976,黑龙江省,0
1211649188,4.5,剧情好看有喜剧也有泪点,2025/4/20 18:48,鞍山,0,0.9241359829902649,辽宁省,0
1211644269,5.0,好看的很，期待第二部，特别是妈妈说的那几句话，真的哭了，我们当妈真的仅此而已,2025/4/20 18:45,丽江,0,0.9321944117546082,云南省,0
1211624339,5.0,很好看，一家人去看很不错,2025/4/20 18:42,河源,0,0.779523491859436,广东省,0
1211662158,5.0,棒极了，极力推荐,2025/4/20 18:42,武汉,0,0.9900700449943542,湖北省,0
1211653257,0.5,特效和画质都挺好，但老煽情，真塔马**人,2025/4/20 18:38,洛阳,0,0.4030068516731262,河南省,0
1211649176,5.0,非常好看 剧情逻辑清晰 故事主人公哪吒非常励志,2025/4/20 18:34,崇左,0,0.9891035556793213,广西壮族自治区,0
1211634342,5.0,好看.值得推荐,2025/4/20 18:30,滨州,0,0.9020346999168396,山东省,0
1211620422,5.0,孩子喜欢看？,2025/4/20 18:30,孝感,0,0.5170482993125916,湖北省,0
1211642320,5.0,不被偏见定义，勇气做自己,2025/4/20 18:30,南京,0,0.7099659442901611,江苏省,0
1211661099,5.0,非常好看，值得推荐,2025/4/20 18:27,来宾,0,0.93268221616745,广西壮族自治区,0
1211639248,5.0,非常好看，值得观看。,2025/4/20 18:25,石家庄,0,0.9063436388969421,河北省,0
1211663084,5.0,第一了，必须支持,2025/4/20 18:25,无锡,0,0.9846344590187073,江苏省,0
1211617508,4.5,不错，可以的,2025/4/20 18:22,广州,0,0.5479800701141357,广东省,0
1211642311,5.0,"
好看期待三了",2025/4/20 18:20,杭州,0,0.9714816212654114,浙江省,0
1211651197,5.0,好评，非常震感强烈！,2025/4/20 18:19,银川,0,0.9700723886489868,宁夏回族自治区,0
1211644341,4.5,vv好家伙小本本上,2025/4/20 21:26,上海,0,0.8942369818687439,上海市,0
1211662219,5.0,简直推荐棒极了，是我看过最好看的电影,2025/4/20 21:23,成都,0,0.9948348999023438,四川省,0
1211623417,5.0,不愧是国漫，顶！,2025/4/20 21:22,扬州,0,0.9783400893211365,江苏省,0
1211659289,5.0,太棒了，极力推荐！,2025/4/20 21:19,长沙,0,0.995366096496582,湖南省,0
1211623413,5.0,非常好看，看就对了,2025/4/20 21:17,大连,0,0.9329966306686401,辽宁省,0
1211633421,5.0,很好看的，推荐,2025/4/20 21:12,临沂,0,0.8902767896652222,山东省,0
1211667152,5.0,很值得一看 ,2025/4/20 21:10,黄石,0,0.8883531093597412,湖北省,0
1211645353,5.0,精心原制作的特效，有一种归很强的代入感。有一种身临其境的感觉。,2025/4/20 21:09,大连,2,0.9023935198783875,辽宁省,2
1211617579,5.0,震撼，好看。,2025/4/20 21:08,潍坊,2,0.9433404803276062,山东省,2
1211637382,5.0,总体还不错，值得推荐,2025/4/20 21:07,广州,0,0.611698567867279,广东省,0
1211636374,5.0,画面太美，故事情节跌宕起伏，吸引人,2025/4/20 21:02,沧州,1,0.9403016567230225,河北省,1
1211631364,4.5,好看，敖丙他爹太帅了,2025/4/20 21:02,湛江,2,0.9515336155891418,广东省,2
1211647281,5.0,特别好看，可以建议都去试试,2025/4/20 20:59,唐山,0,0.579444944858551,河北省,0
1211660262,5.0,已经看了3遍了 看不腻,2025/4/20 20:58,西宁,0,0.9135201573371887,青海省,0
1211646238,5.0,非常好，精彩无比,2025/4/20 20:57,北京,0,0.9835609197616577,北京市,0
1211641309,5.0,好看。特效也好，剧情也好，爱死了！！！,2025/4/20 20:49,上海,0,0.9947547912597656,上海市,0
1211617561,5.0,好看，百亿票房厉害,2025/4/20 20:43,昌邑,1,0.9623376727104187,山东省,1
1211642365,5.0,挺搞笑的，点个赞,2025/4/20 20:41,深圳,0,0.5031968355178833,广东省,0
1211633404,5.0,好看，值得观看,2025/4/20 20:38,株洲,0,0.749023973941803,湖南省,0
1211618458,4.5,孩子去看了，挺不错的哦。,2025/4/20 20:37,渭南,2,0.7261002063751221,陕西省,2
1211616466,5.0,很有现实意义，值得一看！,2025/4/20 20:37,阿克苏,0,0.8688913583755493,新疆维吾尔自治区,0
1211635337,5.0,????，剧情很精彩,2025/4/20 20:37,太和,0,0.8497375845909119,未知省份,0
1211659263,5.0,好，非常不错,2025/4/20 20:34,宜昌,0,0.9367269277572632,湖北省,0
1211657250,5.0,非常喜欢这部电影,2025/4/20 20:34,银川,0,0.9577667713165283,宁夏回族自治区,0
1211614515,5.0,非常好看的电影,2025/4/20 20:30,沈阳,1,0.9612242579460144,辽宁省,1
1211632349,5.0,很好很不错，非常精彩，国漫崛起,2025/4/20 20:30,太仓,0,0.9519470930099487,江苏省,0
1211655236,5.0,好，刚刚又做了一次贡献,2025/4/20 20:30,通江县,0,0.9532099366188049,四川省,0
1211612622,5.0,很惊喜，很好看很推荐,2025/4/20 20:23,长沙,0,0.9822461605072021,湖南省,0
1211632348,5.0,很好看，更棒的国产,2025/4/20 20:23,常州,2,0.9100794196128845,江苏省,2
1211645515,5.0,不适合老年人看，看半截我就想出来。,2025/4/21 7:31,儋州,0,0.19245493412017822,海南省,0
1211666351,5.0,这部电影的含金量不用我多说,2025/4/21 7:24,成都,0,0.9731401205062866,四川省,0
1209188826,5.0,特效好，故事好，情节非常感人。非常好看。国漫之光。,2025/4/21 7:15,乌海,0,0.9555463790893555,内蒙古自治区,0
1211666349,5.0,太好看了，都二刷了，有对不公的反抗，有对亲情的遗憾，好感动呀！,2025/4/21 6:54,扬中,1,0.9665381908416748,江苏省,1
1211633592,5.0, 观看新电影《哪吒》，感受中华神话故事的魅力与勇气。,2025/4/21 6:36,吉林,0,0.7420850992202759,吉林省,0
1211660438,5.0,非常好看，值得推荐,2025/4/21 6:35,海城,0,0.93268221616745,辽宁省,0
1211658428,4.5,别问我为什么给9星？因为那1星给隔壁封神2了??,2025/4/21 6:21,大连,0,0.026954829692840576,辽宁省,0
1211630621,5.0,非常喜欢，期待3,2025/4/21 6:14,大连,2,0.9949723482131958,辽宁省,2
1211645511,5.0,好看爱看超级好,2025/4/21 6:06,哈尔滨,2,0.9516686797142029,黑龙江省,2
1211612790,5.0,我虽然正在步入老年，但也想追求一下潮流，看后感觉是非常的震撼，剧情美工，都非常的棒，为咱们国家能拍出来这么好的片子感到骄傲????,2025/4/21 5:59,北京,2,0.9855837821960449,北京市,2
1211636533,4.0,有点吵，还行吧,2025/4/21 5:44,深圳,0,0.15702742338180542,广东省,0
1211638487,3.0,还行就那样吧,2025/4/21 5:08,襄阳,0,0.0814213752746582,湖北省,0
1211642535,5.0,好太棒了特别喜欢,2025/4/21 4:59,沈阳,0,0.9901842474937439,辽宁省,0
1211616649,5.0,好看爱看孩子也喜欢看,2025/4/21 4:53,三亚,2,0.8484770059585571,海南省,2
1211660434,4.5,好看！！！！,2025/4/21 4:09,乌鲁木齐,0,0.9872165322303772,新疆维吾尔自治区,0
1211635482,5.0,超级好看，反复刷的程度,2025/4/21 4:02,电白,0,0.9559836983680725,未知省份,0
1211650472,5.0,很好 没白给别人推荐 值得看,2025/4/21 2:57,北京,0,0.9598060846328735,北京市,0
1211639453,5.0,这个必须好啊,2025/4/21 2:27,上海,1,0.961593747138977,上海市,1
1211620659,5.0,挺有意思，暗讽社会黑暗,2025/4/21 2:13,太原,0,0.2951735854148865,山西省,0
1211629514,5.0,剧情精彩，动画效果非常好，有搞笑也有催泪片段！已经二刷！,2025/4/21 2:02,柳州,2,0.9526271820068359,广西壮族自治区,2
1211641461,4.5,非常不错，值得推荐,2025/4/21 1:54,北海,0,0.9208223819732666,广西壮族自治区,0
1211616637,5.0,好看 精彩 ,2025/4/21 1:51,南阳,0,0.9455306529998779,河南省,0
1211630611,5.0,不仅仅是一部动画电影，它以精彩的故事、震撼的画面、深刻的主题，为观众带来了一次难忘的观影体验。它让我们在感受神话世界魅力的同时，也对命运、善恶、亲情、友情等有了新的思考和感悟。哪吒依然秉持“我命由我不由天”的精神，面对命运的不公和外界的误解、偏见，勇敢抗争。他的故事让我们明白，只要有坚定信念，就能战胜困难，实现自我价值。很棒????,2025/4/21 1:42,济宁,1,0.9804031848907471,山东省,1
1211643473,5.0,好看，大制作,2025/4/21 1:38,深圳,1,0.8957099914550781,广东省,1
1209340234,4.0,"还是八分，比第一部好，台词和场景衔接仍然不够顺畅，还有进步的空间，还是老一手的屁和尿，但观众里很多人都会笑，我也不知道这点好不好了。
整体而言，看的时候感受不到时间，很快就过去了，是一部非常好的爆米花电影，但深度就别提了，几乎没有。感情渲染就是父爱母爱，兄长的爱，包括对个体命运的爱等来营造的，还不如曾经的自戕逼父呢。
这些不说，单说打斗是一绝，动作很漂亮，有顿挫感，优秀。画面也不错。
总体而言，过年看一看还是不错的，全家欢。",2025/4/21 1:16,昆山,1,0.6396623849868774,江苏省,1
1211658415,5.0,画面超级清楚 超级超级棒 我特别喜欢,2025/4/21 1:15,天津,0,0.9834321141242981,天津市,0
1211643468,5.0,挺好新东方的老师,2025/4/21 1:12,温州,0,0.831518828868866,浙江省,0
1211627567,4.5,好看！！！！,2025/4/21 1:10,苏州,0,0.9872165322303772,江苏省,0
1211623547,0.5,退又不能退 看了5分钟就走了,2025/4/21 1:02,贵阳,2,0.0038717985153198242,贵州省,2
1211661306,5.0,真的值得一看,2025/4/21 1:00,肥西县,0,0.9208725094795227,安徽省,0
1211640455,5.0,好看，推荐。。。,2025/4/20 22:37,成都,0,0.9214293360710144,四川省,0
1211625393,5.0,三刷！还是很好看,2025/4/20 22:36,盘锦,0,0.6201702952384949,辽宁省,0
1211661260,4.5,不错不错挺好的,2025/4/20 22:32,大连,0,0.7398513555526733,辽宁省,0
1211618551,5.0,很不错    ,2025/4/20 22:29,惠州,1,0.9023340344429016,广东省,1
1211616564,4.5,好看，中国动画电影的标杆,2025/4/20 22:26,涟水,0,0.9560460448265076,未知省份,0
1211643402,5.0,剧情不错，影院设施很好,2025/4/20 22:24,宝鸡,0,0.8697825074195862,陕西省,0
1211632438,5.0,不错哦我觉得这个节目真的是太棒了,2025/4/20 22:24,中山,0,0.9368777871131897,广东省,0
1211616558,4.5,好看，比第一部好看。,2025/4/20 22:22,藤县,2,0.9232455492019653,广西壮族自治区,2
1211649317,5.0,看完以后就想说，什么时候出第三不??，骨肉分离那一片，震撼到汗毛都竖起来啦,2025/4/20 22:19,成都,2,0.9704897999763489,四川省,2
1211669188,5.0,很好看。再来看,2025/4/20 22:16,重庆,1,0.6839596629142761,重庆市,1
1211615537,5.0,非常不错，动漫天花板级别,2025/4/20 22:14,郑州,1,0.9449573159217834,河南省,1
1211658324,5.0,可以特别好看,2025/4/20 22:12,黄冈,0,0.7729659080505371,湖北省,0
1211627466,5.0,好看！太好看了！看的手痒痒的，想揍寿桃一顿,2025/4/20 22:08,徐州,0,0.900807797908783,江苏省,0
1211616321,2.0,电影界中的原神,2025/4/20 22:08,贵港,0,0.9383534789085388,广西壮族自治区,0
1211663196,4.5,很不错的一部动画片,2025/4/20 22:04,嘉兴,0,0.831463098526001,浙江省,0
1211617623,5.0,太好看了 去看的人也很多,2025/4/20 22:03,淅川,0,0.927636444568634,未知省份,0
1211650375,5.0,很不错！很好看,2025/4/20 22:02,宁德,0,0.9372793436050415,福建省,0
1211666226,4.5,剧情不错，特效好看,2025/4/20 21:58,沛县,0,0.7507231831550598,江苏省,0
1211645385,5.0,还挺好看，挺火的,2025/4/20 21:55,东莞,0,0.5784045457839966,广东省,0
1211618486,5.0,不错。小孩非常喜欢看,2025/4/20 21:46,深圳,0,0.7919986248016357,广东省,0
1211620509,5.0,很好，全程无尿点,2025/4/20 21:44,深圳,0,0.9647613763809204,广东省,0
1211631390,5.0,败笔是我看了 3D，电影没得说爱了爱了,2025/4/20 21:44,昆明,2,0.9463351368904114,云南省,2
1211639324,5.0,非常不错 剧情很精彩 大人小孩都爱看,2025/4/20 21:44,蒙城,0,0.9513456225395203,未知省份,0
1211647301,5.0,国货之光??最好看的电影，不输好莱坞。,2025/4/20 21:44,绍兴,1,0.9696245789527893,浙江省,1
1211649258,5.0,"不错哦，喜欢看
",2025/4/20 21:41,西安,0,0.7642201781272888,陕西省,0
1211641338,5.0,确实很好看，感觉比第一部好看，全程无尿点，剧情紧凑,2025/4/20 21:34,宜宾,0,0.9446545243263245,四川省,0
1211640395,5.0,画面清晰，电影院音乐效果不错，哪吒闹海剧情感人。,2025/4/20 21:32,商洛,0,0.8618023991584778,陕西省,0
1211656279,5.0,已经三刷啦，剧情丰富，节奏紧凑，全程无尿点，视觉效果挺不错值得一看??,2025/4/20 21:31,沈阳,2,0.841577410697937,辽宁省,2
1211666192,5.0,电影很好 春节期间一起看,2025/4/20 21:30,辽阳,2,0.9408576488494873,辽宁省,2
1211640392,4.5,剧情生动形象，人物刻画精细，画面制作精湛，值得一看,2025/4/20 21:29,杭州,0,0.9408870935440063,浙江省,0
1211661161,5.0,三个字：非常好,2025/4/20 20:17,永康,0,0.9909247159957886,浙江省,0
1211627384,5.0,很喜欢 真的特别好看,2025/4/20 20:15,句容,0,0.9422542452812195,江苏省,0
1208065846,2.5,"电影不错，粉丝招笑，没热度就下了吧，狂热分子看看心烦，老师开学就喜欢说这个，特效好点就说饺子抓人，呵呵，看别的被驾汉奸，不值150亿。
PS：建议全中国人房子卖了看哪吒，所有建筑推了盖电影院（doge）",2025/4/20 20:15,深圳,0,0.5111234784126282,广东省,0
1211653308,5.0,超级好看！！,2025/4/20 20:12,深圳,0,0.9822008609771729,广东省,0
1211653307,3.5,还行，，，  ,2025/4/20 20:11,太原,0,0.17817366123199463,山西省,0
1211628444,5.0,这个太棒了，完全是我的心头好呀，给大家疯狂安利,2025/4/20 20:11,张家口,0,0.9864436388015747,河北省,0
1211651248,5.0,装修非常有风格，分成小区域，挺隐秘的，感觉蛮不错,2025/4/20 20:09,陵水,2,0.8296666145324707,未知省份,2
1211624369,5.0,非常好看值得推荐,2025/4/20 20:08,松原,0,0.9406644105911255,吉林省,0
1211668154,5.0,特别好看，推荐,2025/4/20 20:05,绵阳,0,0.9545613527297974,四川省,0
1211659245,5.0,可以说吗。 ,2025/4/20 20:02,南京,0,0.14553594589233398,江苏省,0
1211644301,5.0,??不错啊，,2025/4/20 20:01,临汾,1,0.6875461935997009,山西省,1
1211664187,5.0,很好看，也很励志,2025/4/20 20:00,厦门,0,0.9118092060089111,福建省,0
1211661152,5.0,超级值得，虽晚但到。,2025/4/20 19:59,北京,1,0.9948974251747131,北京市,1
1211625268,5.0,电影不错，支持,2025/4/20 19:59,佛山,1,0.8758723735809326,广东省,1
1211644300,5.0,很好看，希望电影票房继续提升,2025/4/20 19:55,汕头,0,0.9032472372055054,广东省,0
1211655217,5.0,非常满意！好看的很！,2025/4/20 19:52,郑州,1,0.9715682864189148,河南省,1
1211640338,5.0,还可以特效确实顶,2025/4/20 19:50,佛山,1,0.34672486782073975,广东省,1
1211642351,5.0,太棒了，三刷依旧很棒！,2025/4/20 19:49,呼和浩特,0,0.9823613166809082,内蒙古自治区,0
1211637344,5.0,剧情搞笑好看,2025/4/20 19:46,广元,0,0.7264728546142578,四川省,0
1211634369,5.0,好看！！！！,2025/4/20 19:44,济宁,0,0.9872165322303772,山东省,0
1211636348,5.0,好看，已经三刷,2025/4/20 19:44,慈溪,0,0.29240238666534424,浙江省,0
1211614493,5.0,"很震惊 在观看动画片当中最让人震撼的一部片了
中间还很感人的哭了一下 真的很喜欢",2025/4/20 19:40,乌鲁木齐,0,0.9847395420074463,新疆维吾尔自治区,0
1211650309,5.0,超好看！！！,2025/4/20 19:38,连云港,0,0.9889084696769714,江苏省,0
1211652263,0.5,"从来生死都看淡，转和老天对着干，我命由我不由天，小爷成魔不成仙，
若前方无路，我便踏出一条路！若天地不容，我便扯转这乾坤!
既然他们要我们的命，那我们就用这条命跟他们拼了。
这句话多彩笔，真极端，小孩听这话不得翻天？不得走极端，给分都是可怜他，举报王者荣耀画风有问题的那位王某某呢，怎么不把哪吒举报下架",2025/4/20 19:34,烟台,1,0.02560281753540039,山东省,1
1211614490,1.0,很好看 不过我没有看,2025/4/20 19:33,武汉,0,0.7013773918151855,湖北省,0
1211659233,5.0,值得大人小孩一看，很激的一个故事。,2025/4/20 19:31,桂林,1,0.8145188093185425,广西壮族自治区,1
1211620440,5.0,诚意满满，挺好,2025/4/20 19:30,济南,0,0.8319689631462097,山东省,0
1211656214,4.5,很好。很现实的一句话,2025/4/20 19:29,长沙,1,0.8769237399101257,湖南省,1
1211651225,4.0,还行吧 ??,2025/4/20 19:20,兴化,0,0.13228893280029297,江苏省,0
1211637329,5.0,不错。。，，,2025/4/20 19:20,秦皇岛,1,0.7642132043838501,河北省,1
1211629303,5.0,好看的人都有自己,2025/4/20 18:17,武汉,0,0.8034811019897461,湖北省,0
1211636310,5.0,非常好看，孩子们喜欢,2025/4/20 18:17,淄博,1,0.8666727542877197,山东省,1
1211629301,5.0,看了两遍，非常好看,2025/4/20 18:16,锦州,1,0.9697020053863525,辽宁省,1
1211626334,5.0,还不错，可以,2025/4/20 18:12,西双版纳,1,0.5037276148796082,未知省份,1
1211626332,5.0,太好看了，剧情很紧凑，打戏很过瘾，难怪有人五刷，真的太值了,2025/4/20 18:09,广州,1,0.9866443276405334,广东省,1
1211645275,5.0,"?? 推荐
太感人了",2025/4/20 18:08,桂林,1,0.5734950304031372,广西壮族自治区,1
1211654238,5.0,很不错强烈推荐,2025/4/20 18:04,南通,0,0.9479700922966003,江苏省,0
1211635267,5.0,很好看啊，赞????,2025/4/20 17:56,绵阳,0,0.9692784547805786,四川省,0
1211653229,5.0,音响效果棒极了,2025/4/20 17:55,大同,2,0.973545253276825,山西省,2
1211665098,5.0,很好，很值得去看,2025/4/20 17:53,昆明,2,0.9094012379646301,云南省,2
1211646159,4.5,非常好看！动画特效也特别好！,2025/4/20 17:53,南京,0,0.990281343460083,江苏省,0
1211638252,5.0,赞赞赞??国产动画加油！,2025/4/20 17:52,日照,0,0.37804388999938965,山东省,0
1211632286,5.0,不愧是150亿的电影！,2025/4/20 17:51,保定,1,0.9782379865646362,河北省,1
1211628370,4.5,特效非常震撼,2025/4/20 17:48,三亚,0,0.9255641102790833,海南省,0
1211624311,4.5,很好看。值得看,2025/4/20 17:48,芜湖,0,0.8732922077178955,安徽省,0
1211623321,5.0,真的超级好看！大家都去看,2025/4/20 17:48,太仓,0,0.9803491830825806,江苏省,0
1211629286,5.0,剧情凑合，值得一看！！,2025/4/20 17:48,厦门,0,0.6196427941322327,福建省,0
1211634307,5.0,非常好看，特效很好，感人,2025/4/20 17:46,阳泉,0,0.9207850694656372,山西省,0
1211656154,5.0,剧情感人，画风特别震撼,2025/4/20 17:45,包头,0,0.9574490189552307,内蒙古自治区,0
1211630364,0.0,我滴马耶，看场电影，底裤都湿了，也太热了，这是要符合热门的电影要在很热的环境下看才有灵魂吗，我滴乖乖，不说了，回家洗澡去,2025/4/20 17:43,江门,1,0.4503052234649658,广东省,1
1211667045,5.0,剧情很好，值得一看,2025/4/20 17:41,平阴县,0,0.9010911583900452,山东省,0
1211659178,5.0,剧情，特效，人物形象设计，配音，画面设计，动画效果等等，相当满意，非常不错，融合了中国很多文化元素，让世界了解中国，真正认识中国，也让中国人更自信，更热爱祖国，看了两遍，每一遍都有不同的感受，用心去看每句台词都暗含哲理，真心良作佳品????????,2025/4/20 17:37,北京,0,0.9953784942626953,北京市,0
1211636279,5.0,太棒了，国产之光,2025/4/20 17:34,无锡,0,0.9845404028892517,江苏省,0
1211645260,4.0,还可以，剧情的铺垫和反转也不错,2025/4/20 17:33,成都,1,0.27249675989151,四川省,1
1211645259,5.0,很好看的电影,2025/4/20 17:33,莆田,0,0.931613028049469,福建省,0
1211636277,4.5,非常喜欢值得推荐购买，带孩子看看非常有意义！,2025/4/20 17:31,清远,0,0.945375919342041,广东省,0
1211646152,4.5,好的，不能桔痛,2025/4/20 17:31,长汀,0,0.8884377479553223,未知省份,0
1211629276,4.5,画面国际顶级，剧情有点尬，还算能理顺,2025/4/20 17:31,福州,1,0.7035210728645325,福建省,1
1211658162,4.5,非常好看非常棒,2025/4/20 17:30,昭通,0,0.9693300127983093,云南省,0
1211652204,4.5,很不错，推荐去看,2025/4/20 17:29,湛江,0,0.906136155128479,广东省,0
1211644240,0.0,太难看了，哪吒最不好看了，真的太难看了！,2025/4/20 17:27,锦州,0,0.043396055698394775,辽宁省,0
1211666084,5.0,太震撼了，中国好动画，看了两遍,2025/4/20 17:26,深圳,2,0.980679988861084,广东省,2
1211645254,3.5,好看，很好吃，很满意，下次还会来。,2025/4/20 17:26,珠海,0,0.9473032355308533,广东省,0
1211624286,5.0,好看，其他的不想多说了,2025/4/20 17:11,北京,0,0.930167019367218,北京市,0
1211614426,5.0,挺好看的比较搞笑,2025/4/20 17:07,东莞,0,0.6515974402427673,广东省,0
1211614423,5.0,非常好看，继续努力,2025/4/20 17:03,南京,0,0.9829334020614624,江苏省,0
1211650239,5.0,非常棒特别喜欢,2025/4/20 17:00,北京,0,0.9905035495758057,北京市,0
1211668065,4.5,特别好，很喜欢,2025/4/20 16:59,长沙,0,0.9671091437339783,湖南省,0
1204900511,5.0,确实挺不错的。,2025/4/20 16:57,武汉,0,0.8139446377754211,湖北省,0
1211666070,5.0,很好，非常喜欢！,2025/4/20 16:54,集美,0,0.9768377542495728,未知省份,0
1211627299,5.0,服务员手法非常专业，态度很热情，对店里的东西也非常了解，不错,2025/4/20 16:52,扬州,0,0.9251385927200317,江苏省,0
1211651147,5.0,真的很好看，点赞！！！！,2025/4/20 16:51,连云港,2,0.9758763909339905,江苏省,2
1211629252,5.0,好看推荐。。。。,2025/4/20 16:51,青州,1,0.9437618255615234,山东省,1
1211615346,5.0,画质非常好，赶上西方大片,2025/4/20 16:50,佛山,0,0.9344178438186646,广东省,0
1211625190,5.0,和姑娘一起看的。不错。支持,2025/4/20 16:49,秦皇岛,2,0.889863908290863,河北省,2
1211660128,5.0,《哪吒之魔童闹海》的IMAX版本无疑是一场视听与故事的双重盛宴。它不仅展现了中国动画在技术上的卓越进步，更在内容上实现了深度与广度的拓展。无论是动画爱好者还是普通观众，都能在这部影片中找到共鸣和感动。如果你还没有走进影院感受这场神话之旅，那么一定不要错过IMAX版本，它将带你领略一个更加震撼、更加精彩的哪吒世界。,2025/4/20 16:48,郑州,0,0.9889848232269287,河南省,0
1211663027,3.0,没达预期，一般,2025/4/20 16:47,武汉,2,0.019456088542938232,湖北省,2
1211648134,5.0,笑，但也感伤，很感动的一部电影,2025/4/20 16:46,深圳,0,0.8096904754638672,广东省,0
1211636253,5.0,IMAX的音响系统让音乐的细节更加清晰，每一个音符都仿佛在耳边跳跃。从风声、雨声到兵器碰撞的声音，都能让观众感受到强烈的听觉冲击，进一步增强了观影的沉浸感。,2025/4/20 16:43,郑州,0,0.9914244413375854,河南省,0
1211636252,5.0,特效很好，剧情也好,2025/4/20 16:41,十堰,0,0.9635011553764343,湖北省,0
1211668051,5.0,挺好的，推荐,2025/4/20 16:40,乌鲁木齐,0,0.7973719239234924,新疆维吾尔自治区,0
1211622286,5.0,世界上最好看的东东,2025/4/20 16:38,南充,0,0.9802143573760986,四川省,0
1211644205,5.0,很好看，小孩子很喜欢看,2025/4/20 16:37,宜昌,1,0.8461352586746216,湖北省,1
1211622283,4.5,啥也别说了，主打个支持，要不不可能现在还来看,2025/4/20 16:35,庆云,0,0.06902974843978882,未知省份,0
1211613400,5.0,还可以 好看,2025/4/20 16:32,乐山,0,0.26849931478500366,四川省,0
1211657136,4.5,可以可以  不错的！多看几次,2025/4/20 16:32,太原,0,0.6283114552497864,山西省,0
1211631258,5.0,好看，画质好,2025/4/20 16:30,芜湖,0,0.9121979475021362,安徽省,0
1211615334,5.0,就喜欢看这种动画片，国光。,2025/4/20 16:29,镇江,0,0.7789168953895569,江苏省,0
1211615333,5.0,效果超级好！,2025/4/20 16:28,长沙,0,0.9784987568855286,湖南省,0
1211669008,5.0,音乐在《哪吒2》中起到了画龙点睛的作用。激昂的配乐在打斗场景中响起，瞬间点燃观众的热血；而抒情的旋律在情感戏中适时出现，又让观众沉浸在角色的情绪之中。尤其是在一些关键场景，如哪吒爆发力量、龙族奋起反抗时，音乐与画面完美配合，将气氛烘托到了极致。IMAX音效特别好，屏幕大。,2025/4/20 16:26,郑州,1,0.9863587021827698,河南省,1
1211666054,5.0,挺好看的和好朋友一起去的,2025/4/20 16:26,温州,0,0.744613528251648,浙江省,0
1211626276,5.0,非常好，很震撼，细节方面非常不错，身临其境,2025/4/20 16:26,烟台,0,0.9390219449996948,山东省,0
1211615330,1.0,一般 完全搞不懂高票房在哪里,2025/4/20 16:22,成都,1,0.019979476928710938,四川省,1
1211633274,5.0,哪吒与敖丙之间的友情也在磨难中愈发深厚，他们相互扶持、共同成长，诠释了真正的兄弟情义。同时，影片对社会现实的隐喻也引发观众的深刻思考，让这部动画不仅仅是一个简单的神话故事，更具有了现实意义。,2025/4/20 16:20,郑州,0,0.9484022259712219,河南省,0
1211649091,5.0,影片巧妙地将亲情、友情与家国情怀融入其中。哪吒与母亲殷夫人之间的情感线令人动容，殷夫人为了保护哪吒不惜牺牲自己，这份母爱成为哪吒成长的强大动力。IMAX很给力屏幕大音效好。,2025/4/20 16:18,郑州,0,0.9941551089286804,河南省,0
1211618346,4.0,好看，看到了国漫崛起。,2025/4/20 16:17,博山,0,0.8570024967193604,未知省份,0
1211623253,5.0,《哪吒2》的剧情在前作基础上进一步深化。哪吒不再仅仅是那个喊着“我命由我不由天”的叛逆少年，他面临着更复杂的困境和更深层次的自我认知。从试图重塑肉身的艰辛历程，到与敖丙共同探寻真相、反抗命运的不公，哪吒的每一步都充满了挑战，要看就看IMAX大屏幕更带劲儿。,2025/4/20 16:12,广州,0,0.9784722328186035,广东省,0
1211622267,4.5,剧情好，画面美，很受震撼，推荐观看！,2025/4/20 16:12,大丰,0,0.9630082845687866,未知省份,0
1211641193,3.5,还好吧，不好看，也不难看,2025/4/20 16:11,深圳,0,0.19405204057693481,广东省,0
1211658115,5.0,挺喜欢的，拍的很好,2025/4/20 16:09,桂林,0,0.8509875535964966,广西壮族自治区,0
1211666041,5.0,特别不错这个电影   强烈推荐,2025/4/20 16:07,资阳,0,0.9434543251991272,四川省,0
1211655114,5.0,剧情还可以，画面超绝，震撼大片,2025/4/20 16:06,睢宁,0,0.44268202781677246,未知省份,0
1211660096,4.5,为国产电影打call,2025/4/20 16:05,济宁,1,0.05068594217300415,山东省,1
1211657119,3.5,很好  全家一起看,2025/4/20 16:03,哈尔滨,0,0.9565145969390869,黑龙江省,0
1211635218,5.0,不错????,2025/4/20 16:03,合肥,1,0.4665226340293884,安徽省,1
1211661028,4.5,好看，很不错,2025/4/20 16:03,重庆,0,0.8626716732978821,重庆市,0
1211635216,5.0,内容感人剧情优秀,2025/4/20 16:01,黔南,0,0.9229152202606201,未知省份,0
1211620332,5.0,还可以很好看,2025/4/20 16:00,大荔,0,0.5171393156051636,未知省份,0
1211641192,5.0,好好好， 国产动漫,2025/4/20 15:53,银川,0,0.09833526611328125,宁夏回族自治区,0
1211641188,5.0,谁看谁知道，国产动画的天花板,2025/4/20 15:48,呼和浩特,0,0.04457128047943115,内蒙古自治区,0
1211622257,4.5,特别感动哭了,2025/4/20 15:48,合肥,0,0.9859835505485535,安徽省,0
1211642218,5.0,已三刷，爽死超级好看,2025/4/20 15:45,深圳,0,0.9573060870170593,广东省,0
1211646097,5.0,很不错的电影,2025/4/20 15:40,秦皇岛,2,0.926591694355011,河北省,2
1211639142,5.0,"非
?? 哭点。太好看了。看见哪吒母亲被练成仙丹的那一刻。心里已经很伤心了。",2025/4/20 15:38,齐齐哈尔,0,0.9149942994117737,黑龙江省,0
1211643151,4.5,好看，非常喜欢,2025/4/20 15:38,南宁,0,0.9445663690567017,广西壮族自治区,0
1211622249,5.0,"真的好看，每一秒都很值得。早早来看一个人包场的感觉也超级爽??
",2025/4/20 15:37,大连,2,0.9885741472244263,辽宁省,2
1211617421,5.0,不错 支持国漫,2025/4/20 15:35,合肥,2,0.8881992101669312,安徽省,2
1211660083,5.0,挺好看，寓意比较深刻，也是现实生活，真的不容易,2025/4/20 15:35,商洛,1,0.6145876049995422,陕西省,1
1211640212,5.0,剧情不错，特效也拉满,2025/4/20 15:31,郑州,0,0.7483982443809509,河南省,0
1211658095,4.5,不错不错，可以二刷,2025/4/20 15:28,昆明,0,0.7638448476791382,云南省,0
1211653149,4.5,可以很好看??,2025/4/20 15:28,西安,0,0.2993912696838379,陕西省,0
1211668007,5.0,哪吒与敖丙，两个性格迥异的兄弟，他们如何闹的天翻地覆，看《哪吒之魔童闹海》，必须去影城IMAX厅！,2025/4/20 15:26,郑州,1,0.9275249242782593,河南省,1
1211626262,5.0,棒极了 推荐大家都去看,2025/4/20 15:23,哈尔滨,0,0.9859079718589783,黑龙江省,0
1211648096,4.5,好看！很给力,2025/4/20 15:22,儋州,0,0.9754776358604431,海南省,0
1211619269,4.0,还不错，小朋友喜欢。,2025/4/20 15:12,柳州,1,0.6055946946144104,广西壮族自治区,1
1211647112,4.5,国漫崛起啦。,2025/4/20 15:11,福州,1,0.7900394201278687,福建省,1
1211628278,5.0,画面效果很好,2025/4/20 15:08,烟台,0,0.9289264678955078,山东省,0
1211616308,4.5,是不是删了一段？,2025/4/20 15:06,茂名,2,0.11059165000915527,广东省,2
1211645168,4.5,"画质还行。
",2025/4/20 15:05,太原,1,0.19452887773513794,山西省,1
1211661003,4.5,好看，原以为动画片就是小孩子看的，没想到现在的动画片成人也看得津津有味,2025/4/20 15:03,长沙,2,0.9571691155433655,湖南省,2
1211659110,5.0,还不错，挺好看的,2025/4/20 15:03,成都,0,0.5968570709228516,四川省,0
1211623217,5.0,好！值得一看！,2025/4/20 15:03,北京,0,0.9184718132019043,北京市,0
1211640205,5.0,剧情好，超级棒,2025/4/20 15:02,扶沟,1,0.9784328937530518,未知省份,1
1211627239,4.5,不错，值得一看。,2025/4/20 15:01,包头,0,0.7322583794593811,内蒙古自治区,0
1211660071,5.0,很值得看。推荐推荐。,2025/4/20 14:58,泰州,0,0.9422782063484192,江苏省,0
1211656078,5.0,喜欢看   大力推荐这个电影  越来越期待3的出现,2025/4/20 14:55,赤峰,0,0.932115912437439,内蒙古自治区,0
1211662049,5.0,好的好的谢谢啦啦队员们家园长证书号码,2025/4/20 14:54,乌鲁木齐,0,0.9137763977050781,新疆维吾尔自治区,0
1211616300,4.5,好看。小朋友很认真看完了。刷了3遍！,2025/4/20 14:54,丽水,2,0.8443055748939514,浙江省,2
1211660070,5.0,当之无愧，想再看一次,2025/4/20 14:52,大庆,0,0.9555990695953369,黑龙江省,0
1211628268,5.0,场面宏大壮观，配乐配音都是一流，国漫之光，从大圣归来到大鱼海棠再到现在的哪吒，当之无愧的顶流,2025/4/20 14:50,常州,1,0.9832949042320251,江苏省,1
1211642186,5.0,天花板级别的国产动画，必须支持,2025/4/20 14:49,白山,0,0.9261369109153748,吉林省,0
1211642184,5.0,不错哦，挺满意的一次购物体验！,2025/4/20 14:46,肥东县,0,0.815884530544281,安徽省,0
1211650158,5.0,超级好看，观感很好，适合各个年龄观看,2025/4/20 14:46,石家庄,2,0.9465345144271851,河北省,2
1211637197,4.5,行，画面太美。,2025/4/20 14:46,攀枝花,0,0.7248196005821228,四川省,0
1211652131,5.0,很好哦～太好看啦,2025/4/20 14:41,衡阳,0,0.950925886631012,湖南省,0
1211640197,5.0,画面还过得去，不算特别清晰,2025/4/20 14:40,汕头,0,0.13674253225326538,广东省,0
1211606954,5.0,超级无敌好看！哪吒你值得这么多票房！,2025/4/20 14:37,盐城,0,0.9918224215507507,江苏省,0
1211634215,4.5,非常好看！！！！,2025/4/20 14:35,祁东县,0,0.9912028312683105,湖南省,0
1211625128,5.0,剧情很好，内涵丰富,2025/4/20 14:34,彬州市,0,0.9324703812599182,未知省份,0
1211603998,5.0,制作精良、细节极佳、剧情生动,2025/4/20 14:33,潍坊,0,0.9729164242744446,山东省,0
1211609984,0.0,好看好看身边的人都看好几次了非常感人！超级超级好看！！！！！,2025/4/20 14:33,福州,0,0.9901200532913208,福建省,0
1211621280,5.0,刚刚的，感觉很好,2025/4/20 14:32,南京,0,0.8816813230514526,江苏省,0
1211619243,5.0,"?? 推荐十分的推荐
希望第三部尽早出来别又等好几年",2025/4/20 14:31,武汉,0,0.9923617839813232,湖北省,0
1211642179,5.0,敖光帅，敖润美，哪吒可爱,2025/4/20 14:29,抚顺,0,0.8645984530448914,辽宁省,0
1211637190,5.0,哈哈是谁了来看小店了笑晕我,2025/4/20 14:25,岳阳,0,0.42064064741134644,湖南省,0
1211660060,4.5,非常棒，孩子也很喜欢。,2025/4/20 14:23,西安,1,0.9733615517616272,陕西省,1
1211627225,4.0,还可以吧，推荐看,2025/4/20 14:22,苏州,0,0.23183685541152954,江苏省,0
1211664013,4.5,不错不错推荐看看,2025/4/20 14:18,金昌,2,0.7071201801300049,甘肃省,2
1211617382,5.0,太好看了 大家都可以去看看,2025/4/20 14:12,凤翔区,0,0.9481639862060547,未知省份,0
1211639110,3.5,为了时长凑的……没有第一部好看,2025/4/20 14:12,郑州,1,0.21078968048095703,河南省,1
1211657062,5.0,非常好看，强烈推荐,2025/4/20 14:11,沈阳,0,0.9610370397567749,辽宁省,0
1211620298,5.0,好看，很解压,2025/4/20 14:10,深圳,2,0.9270084500312805,广东省,2
1211660053,5.0,无尿点，支持国货！,2025/4/20 14:10,自贡,0,0.79738849401474,四川省,0
1211606937,5.0,剧情很好，动画制作非常不错，非常值得一看，期待下一季。还能学到知识，立意高。,2025/4/20 14:05,乐山,0,0.9620117545127869,四川省,0
1211662036,5.0,好评推荐好看,2025/4/20 14:04,郑州,0,0.9379647374153137,河南省,0
1211659080,5.0,孩子看玩超级开心,2025/4/20 14:00,运城,0,0.8935572504997253,山西省,0
1211639106,3.5,中规中矩吧，为了低龄的受众会做一些调整，适合家庭观影,2025/4/20 13:55,湘潭,2,0.23690122365951538,湖南省,2
1211163542,5.0,这个动画和特效非常的让我震惊。建议大家去看看情节故事一波3折。建议大家去看看，情节故事一波3折人物形象鲜明。特别是他们打斗的那一段。这揭示了现实的善恶。黑色也能是上青色也会使恶。令我们万万没有想到的是真正的大反派另有其人，并不是申公豹。虽然时间较短，但是他的故事情节令我印象深刻，非常推荐此电影。,2025/4/20 13:54,南京,0,0.9840572476387024,江苏省,0
1211664006,5.0,"《哪吒2》延续了前作的热血与颠覆精神，在视觉特效和动作场面上全面升级，水墨风与3D技术的融合令人惊艳。剧情上，哪吒面临更复杂的身世谜题与人性抉择，但主题深度稍显不足，部分转折略显生硬。笑点与泪点并存，但配角塑造较单薄。整体仍是一部酣畅淋漓的国漫佳作，虽未超越首部的高度，却以炸裂的想象力捍卫了""我命由我""的反叛内核。",2025/4/20 13:52,连云港,1,0.7705395817756653,江苏省,1
1211606931,5.0,支持国产动漫,2025/4/20 13:49,西安,0,0.8235766291618347,陕西省,0
1211656048,4.5,好看，剧情很好,2025/4/20 13:48,张家口,0,0.9470701217651367,河北省,0
1211617370,5.0,满分，必须满分??,2025/4/20 13:46,重庆,0,0.11384904384613037,重庆市,0
1211634199,5.0,非常好看，期待下一部,2025/4/20 13:46,阜阳,0,0.9910655617713928,安徽省,0
1211646050,5.0,很棒的电影，特效和影片的意义都很好,2025/4/20 13:45,秦皇岛,0,0.9693012237548828,河北省,0
1211618283,5.0,期待第三部，真的太精彩了,2025/4/20 13:43,百色,1,0.9719414710998535,广西壮族自治区,1
1211630237,5.0,不错的动漫，炫酷的法术，希望出第三部,2025/4/20 13:42,银川,0,0.8745936155319214,宁夏回族自治区,0
1211614339,5.0,好看，支持中国动画，就是电影院太垃圾了。,2025/4/20 13:39,乌鲁木齐,2,0.6186894178390503,新疆维吾尔自治区,2
1211603986,5.0,故事延续上集，很好看。,2025/4/20 13:36,中山,0,0.8926690816879272,广东省,0
1211637169,5.0,可以很好看啊,2025/4/20 13:28,宿州,0,0.7822949290275574,安徽省,0
1211641137,5.0,不错，挺不错的,2025/4/20 13:26,诸暨,0,0.7376675605773926,浙江省,0
1211620283,4.5,打戏、搞笑都很好！如果是3D会更好！毕竟打戏精彩！,2025/4/20 13:20,中山,0,0.9405133724212646,广东省,0
1211614325,4.0,很不错值得一看,2025/4/20 13:18,深圳,0,0.8660352826118469,广东省,0
1211650129,5.0,当时睡着了没看到。,2025/4/20 13:16,南充,0,0.21839618682861328,四川省,0
1211627200,4.5,不错不错。剧情、画面、场景、剪辑都不错。配音我不是很喜欢，太闹人了。,2025/4/20 13:13,大连,0,0.83842933177948,辽宁省,0
1211606912,5.0,非常好看啦！,2025/4/20 13:05,唐山,2,0.9761181473731995,河北省,2
1211615243,5.0,非常好看 支持国漫,2025/4/20 13:02,海口,0,0.9669259786605835,海南省,0
1211608965,4.5,"不错不错，好看
",2025/4/20 12:56,西安,0,0.7994417548179626,陕西省,0
1211610906,5.0,剧情很好看！很不错值得这个票价！,2025/4/20 12:53,上海,0,0.9559091925621033,上海市,0
1211653075,5.0,好看，电视上什么时候可以看啊，好想再回温一下,2025/4/20 12:53,盱眙,0,0.8531685471534729,未知省份,0
1211617343,5.0,第一次去看真的非常好看,2025/4/20 12:51,昭通,0,0.9467315077781677,云南省,0
1211608961,5.0,超好看的片子 适合大多数年龄段。值得高分 值得高票房的好电影。,2025/4/20 12:49,北京,0,0.9854169487953186,北京市,0
1211652085,4.5,好看，真的很好看,2025/4/20 12:48,三亚,0,0.8466657996177673,海南省,0
1211615234,4.5,还行，动画片而已,2025/4/20 12:46,南京,0,0.12770801782608032,江苏省,0
1211623154,5.0,真的感觉是一部特别好的电影 特效人物包括剧情都很到位 最主要的是特效很震撼,2025/4/20 12:39,邯郸,2,0.9745104908943176,河北省,2
1211632152,5.0,已二刷哪吒，故事情节超感人,2025/4/20 12:39,无锡,0,0.8010751008987427,江苏省,0
1211646025,4.5,真的是很不错,2025/4/20 12:39,西安,2,0.9098392724990845,陕西省,2
1211615229,5.0,好，孩子很喜欢,2025/4/20 12:37,张掖,0,0.8652611374855042,甘肃省,0
1211636143,5.0,非常好看，已经破100亿了。,2025/4/20 12:37,昆明,0,0.9582864046096802,云南省,0
1211632147,5.0,超级好看看了两遍,2025/4/20 12:36,西安,1,0.968394935131073,陕西省,1
1211611930,5.0,非常精彩，色彩佷好,2025/4/20 12:35,泉州,0,0.8728381991386414,福建省,0
1211623153,5.0,好看，剧情精彩,2025/4/20 12:35,重庆,0,0.9565407633781433,重庆市,0
1211626196,5.0,非常好！推荐看。,2025/4/20 12:31,沈阳,0,0.9723582863807678,辽宁省,0
1211634160,5.0,好??，特别,2025/4/20 12:23,运城,0,0.17963600158691406,山西省,0
1211633177,5.0,太好了国之大剧,2025/4/20 12:21,西宁,1,0.9811129570007324,青海省,1
1211646020,5.0,非常好，很好,2025/4/20 12:20,益阳,1,0.9698429107666016,湖南省,1
1211603947,5.0,特别完美的(〃′o`),2025/4/20 12:20,安顺,0,0.937716543674469,贵州省,0
1211614294,5.0,特效，音响效果都不错，Nice,2025/4/20 12:18,苏州,1,0.9730316400527954,江苏省,1
1211643059,4.5,剧情好，画面,2025/4/20 12:18,盐城,1,0.8944094181060791,江苏省,1
1211630207,5.0,剧情超级棒，多次流泪，看了3次了，太喜欢了！,2025/4/20 12:17,北京,1,0.9944498538970947,北京市,1
1211623146,5.0,这个太棒了，完全是我的心头好呀，给大家疯狂安利,2025/4/20 12:17,曹妃甸,2,0.9864436388015747,未知省份,2
1211619187,4.5,好看的电影啊,2025/4/20 12:16,玉林,0,0.9222825765609741,广西壮族自治区,0
1211608933,5.0,好看！棒棒哒,2025/4/20 12:13,淄博,0,0.9727861285209656,山东省,0
1211615221,5.0,电影很好看。,2025/4/20 12:09,成都,0,0.8800113797187805,四川省,0
1211603939,5.0,OK的，你懂滴,2025/4/20 12:09,宜昌,1,0.3940434455871582,湖北省,1
1211621226,5.0,真的挺好看的,2025/4/20 12:06,玉溪,0,0.7111114263534546,云南省,0
1211639061,5.0,好看爱看无限刷,2025/4/20 11:53,丰城,2,0.8923055529594421,江西省,2
1211658006,5.0,挺好的，挺不错的,2025/4/20 11:53,西安,0,0.6975882649421692,陕西省,0
1211645081,5.0,"家人们谁懂啊！《哪吒2》真的太绝了，不看真的会后悔！
 
从画面制作来说，每一帧都堪称壁纸，完全能感受到制作团队的用心。开场的陈塘关之战，那场面，数以万计的妖魔鬼怪倾巢而出，细节满满，铠甲上的纹饰都清晰可见，太震撼了！还有章鱼将军，破旧铠甲和触手搭配，设计太新颖了，真的过目难忘！水、火、光影特效也很牛，波光粼粼的海面、炽热的岩浆，精致又逼真，沉浸感拉满，仿佛我也置身于那个奇幻世界。而且场景设计融入了好多中国传统元素，玉虚宫、陈塘关，满满的东方韵味，剪纸、国画元素的运用，让整个电影充满文化底蕴 ，这才是国漫该有的样子！
 
剧情也很出彩！它不只是简单的打怪升级，而是深入挖掘了人物内心和各方势力的利益纠葛。哪吒从被排斥的魔童成长为英雄，这个过程中对身份认同、自我价值的思考，特别能引起共鸣。尤其是申公豹揭露“仙魔有别”背后的残酷真相，直接把故事深度拉满，让我对“修仙”这件事都产生了怀疑。电影里还有很多支线，龙王们的暗中较量、敖丙和敖光的父子情，都特别有意思，一点也不拖沓。",2025/4/20 11:49,北京,0,0.9956206679344177,北京市,0
1211658004,5.0,好看，二刷了，推荐大家去看,2025/4/20 11:49,珠海,2,0.913547694683075,广东省,2
1211620240,3.0,一般般吧不是很好,2025/4/20 11:48,茂名,0,0.04046213626861572,广东省,0
1211641096,5.0,不错特别好看,2025/4/20 11:42,德州,0,0.839946448802948,山东省,0
1211619169,5.0,"好看，
二刷，
期待第三部。",2025/4/20 11:40,赣州,1,0.9775986671447754,江西省,1
1211636117,5.0,看了五遍了，确实是不错,2025/4/20 11:39,宜宾,0,0.9649609327316284,四川省,0
1211631131,5.0,非常好看很有意义,2025/4/20 11:38,利辛,0,0.9370105862617493,未知省份,0
1211647033,5.0,还是大屏看着好看,2025/4/20 11:38,北京,0,0.3716375231742859,北京市,0
1211621214,5.0,值得一看，好看,2025/4/20 11:36,深圳,0,0.8117754459381104,广东省,0
1211638087,5.0,大制作很棒，但是有点不切实际，跟霍比特人这样的大制作还是有差距的,2025/4/20 11:35,崇州,0,0.6048325300216675,四川省,0
1211636116,5.0,很好，很不错哦,2025/4/20 11:34,常州,0,0.9065058827400208,江苏省,0
1211616212,5.0,体验感一级棒,2025/4/20 11:29,长清区,0,0.9675042033195496,山东省,0
1211631128,5.0,好的，非常不错,2025/4/20 11:27,沈阳,0,0.7957438826560974,辽宁省,0
1211653037,5.0,特效精彩，情节感人，画面生动,2025/4/20 11:26,无锡,2,0.9338275194168091,江苏省,2
1211659029,4.5,不愧票房之冠。,2025/4/20 11:26,佛山,0,0.9763680696487427,广东省,0
1211606863,5.0,百亿项目已参与，但电影也是真的好看,2025/4/20 11:24,郴州,0,0.8580953478813171,湖南省,0
1211619166,5.0,还行挺不错的,2025/4/20 11:20,杭州,0,0.4659675359725952,浙江省,0
1211636109,5.0,时间太短了吧我的天啊我的天呀我的天,2025/4/20 11:18,沈阳,0,0.1238546371459961,辽宁省,0
1211619164,5.0,环境非常独特，风格统一，就喜欢这种有格调的地方,2025/4/20 11:18,北京,1,0.9123353362083435,北京市,1
1211627144,5.0,非常好，2刷,2025/4/20 11:14,西安,0,0.9653134942054749,陕西省,0
1211600986,5.0,特别好看，值得推荐,2025/4/20 11:12,泰州,1,0.9340025186538696,江苏省,1
1211631117,5.0,很好不错的电影,2025/4/20 11:08,沈阳,1,0.935206413269043,辽宁省,1
1211640098,5.0,很好，都不错的,2025/4/20 11:07,新郑,0,0.9074034094810486,河南省,0
1211603918,5.0,好看，2D的不需要戴眼镜，方便小孩子,2025/4/20 11:06,南宁,0,0.9044067859649658,广西壮族自治区,0
1211600984,4.5,?从社会层面来看，这件事引起了广泛的关注和讨论。,2025/4/20 11:06,杭州,0,0.29941344261169434,浙江省,0
1211624142,3.5,凑热闹而已啦,2025/4/20 11:03,西安,1,0.11474364995956421,陕西省,1
1211620213,5.0,捧极了！！！！,2025/4/20 10:59,临清,1,0.9281548857688904,山东省,1
1211609877,4.5,??好的哦哦,2025/4/20 10:55,深圳,0,0.8147891759872437,广东省,0
1211633137,5.0,"节奏张弛有度,剧情紧凑但铺陈煽情又能缓下来; 笑料十足,前期剧情太搞笑。",2025/4/20 10:52,广州,2,0.8650733232498169,广东省,2
1211654043,5.0,值得一看，二刷,2025/4/20 10:52,太原,0,0.741286039352417,山西省,0
1211603911,5.0,好看好看，国货之光,2025/4/20 10:50,邯郸,0,0.6644580960273743,河北省,0
1211634125,4.0,好看，很不错！,2025/4/20 10:50,天津,0,0.9184627532958984,天津市,0
1211633135,5.0,哪吒超级好看,2025/4/20 10:49,济南,2,0.8481993079185486,山东省,2
1211653016,3.0,"跟风看的，角色设计太幼态了，迪味拉满了??，全年龄动画也不用这么幼态吧，关键是一些活了几百岁的角色设计得跟十几岁一样
美术不喜欢占大头，剧情的反转很不错，别的真的中规中矩，主要还是吹的人太多了，观感体验比不上营销给我带来的期待值。
可以看到大量的人物渲染占大头，影片出现了很多人物跟蜂群一样多的镜头，密密麻麻的真的会密恐??
?观影贴士",2025/4/20 10:46,汕头,0,0.11103111505508423,广东省,0
1211615182,5.0,挺好的。。。。,2025/4/20 10:42,鸡西,0,0.6763514876365662,黑龙江省,0
1211589977,5.0,非常好看啊我喜欢,2025/4/20 10:30,郑州,1,0.9258925914764404,河南省,1
1211637105,5.0,"非常不错…孩子看的很开心…老少皆宜…
希望赶紧出哪吒3…非常期待",2025/4/20 10:29,苏州,2,0.9599359631538391,江苏省,2
1211645056,5.0,很好看的一部电影,2025/4/20 10:26,无锡,0,0.9213234782218933,江苏省,0
1211608887,5.0,??快李黎明IO口look,2025/4/20 10:25,漳州,0,0.7493590712547302,福建省,0
1211641074,5.0,还是很棒的，看了两次，唯一两次进电影院的一部电影。哈哈哈。。。,2025/4/20 10:23,南京,1,0.9016844034194946,江苏省,1
1211592949,3.5,这部剧一般般,2025/4/20 10:21,临清,0,0.06765037775039673,山东省,0
1211614260,4.0,到底谁还在看啊,2025/4/20 10:21,广州,1,0.038037896156311035,广东省,1
1211641072,5.0,"细节很满，有种别处心裁的搞笑，最后的决战画面很燃很精彩。从哪吒1的哪吒因为自己是魔而感到不被认同，到哪吒2最大的仙头头居然是最大的反派，让人思考什么是仙什么是魔，原来仙魔只是最大既得利益者巧立名目以维护自己统治。

动画也能拍的这么饱满让人感觉电影票花值了",2025/4/20 10:20,清远,1,0.9803886413574219,广东省,1
1211629089,5.0,有泪点有笑点，很棒！,2025/4/20 10:17,威海,2,0.9736565351486206,山东省,2
1211603900,5.0,可以，值得回看,2025/4/20 10:17,忻州,1,0.4277258515357971,山西省,1
1211601979,5.0,剧情非常不错，棒极了，强烈推荐。,2025/4/20 10:15,沧州,0,0.9718012809753418,河北省,0
1211616188,4.5,真不错喜欢看,2025/4/20 10:08,乌鲁木齐,0,0.9241277575492859,新疆维吾尔自治区,0
1211615169,5.0,小朋很喜欢看。,2025/4/20 10:07,响水,0,0.7810134291648865,未知省份,0
1211624135,5.0,"《哪吒之魔童闹海》观后感：打破成见，逆天改命

在观看《哪吒之魔童闹海》后，我的内心久久不能平静。这部电影以一种极具震撼力的方式，让我深刻地感受到勇气、爱与成长的力量，也让我对“命运”这一古老而沉重的话题有了全新的思考。

影片开篇，哪吒的出生便伴随着巨大的争议。他是灵珠转世，却被魔丸附身，从出生起就被世人贴上了“妖怪”的标签。然而，哪吒并没有被这看似不可改变的命运所束缚。他那双充满倔强与不服输的眼睛，仿佛在向世界宣告：“我命由我不由天！”这种对命运的反抗精神，深深打动了我。在现实生活中，我们常常会因为外界的评价或既定的规则而限制自己的可能性。但哪吒让我明白，命运并非不可改变，只要我们有勇气去挑战它，去打破那些看似不可逾越的障碍，就有可能创造出属于自己的精彩人生。",2025/4/20 10:06,大同,0,0.9786296486854553,山西省,0
1211618201,5.0,愿你如那闹海的豪杰哪吒般，勇敢无畏地追求正义之路。,2025/4/20 10:02,呼和浩特,0,0.8887375593185425,内蒙古自治区,0
1211605953,5.0,很好看，让中国动画走向世界！,2025/4/20 9:59,普洱,0,0.9669570922851562,云南省,0
1211618199,5.0,好看爱看喜欢看动画片好看的电影,2025/4/20 9:54,淮北,0,0.8598201274871826,安徽省,0
1211637094,5.0,不错，近年来最棒的电影,2025/4/20 9:50,东莞,1,0.9610778093338013,广东省,1
1211626141,5.0,很不错，非常值得一看,2025/4/20 9:48,常州,1,0.9007421731948853,江苏省,1
1211605946,5.0,特别美，特别震撼,2025/4/20 9:47,太原,0,0.9740434288978577,山西省,0
1211632081,4.5,绝了，震撼特效,2025/4/20 9:45,枣庄,1,0.9348798990249634,山东省,1
1211635068,4.5,值得购买，非常好吃,2025/4/20 9:42,武汉,1,0.9496894478797913,湖北省,1
1211620190,4.5,平平无奇、比较第一部进步很大、还是不错的、,2025/4/20 9:41,泰州,0,0.2368432879447937,江苏省,0
1211614244,5.0,很好看。值得推荐！,2025/4/20 9:40,文昌,2,0.9437339901924133,海南省,2
1211598989,3.0,"
不错呢

",2025/4/20 9:39,东阳,2,0.8225228786468506,浙江省,2
1211608875,5.0,非常好看????,2025/4/20 9:35,西安,0,0.9476488828659058,陕西省,0
1211636067,5.0,不错，很震撼！,2025/4/20 9:32,文登,2,0.892353355884552,未知省份,2
1211596952,4.0,还不错，提前其实对于坏人埋下的伏笔都很明显，只要认真看，就能发现不对劲。,2025/4/20 9:29,吴江,2,0.626855194568634,未知省份,2
1211632077,5.0,很好看，画面很美，特效很震撼。,2025/4/20 9:24,合肥,0,0.9174653887748718,安徽省,0
1211645031,5.0,很好看，看吧,2025/4/20 9:17,东光,0,0.7619597315788269,未知省份,0
1211626131,5.0,好看，值得推荐,2025/4/20 9:08,济源,1,0.8554111123085022,河南省,1
1211618189,5.0,一家人其乐融融,2025/4/20 9:07,西宁,0,0.7956475615501404,青海省,0
1211618188,5.0,陪刷3边了，台词基本都背下来啦哈哈??,2025/4/20 9:06,北京,0,0.877290666103363,北京市,0
1211629069,4.5,全家笑哈哈，很适合带娃观看,2025/4/20 9:06,宁波,0,0.7391099333763123,浙江省,0
1211585961,5.0,真的是视听盛宴,2025/4/20 9:04,北京,0,0.6856926679611206,北京市,0
1211608870,5.0,不错。推荐一下。,2025/4/20 9:02,太原,1,0.5668827891349792,山西省,1
1211650042,5.0,国产必须支持,2025/4/20 9:00,大丰,2,0.9862579107284546,未知省份,2
1211619112,5.0,"我喜欢小哪吒，还有大哪吒，还有东海龙王，西海龙王，南海龙王，北海龙王，很感人


这部电影",2025/4/20 8:58,北海,0,0.9210379123687744,广西壮族自治区,0
1211591977,5.0, 孩子看的，满意！,2025/4/20 8:54,凤台,0,0.9583929181098938,未知省份,0
1211607899,5.0,情节跌宕感人，画面音效强,2025/4/20 8:53,滨州,0,0.9139924645423889,山东省,0
1211640057,4.5,扣了茉莉OK啦,2025/4/20 8:41,梧州,0,0.3650060296058655,广西壮族自治区,0
1211592934,2.5,一般般，没有那么神,2025/4/20 8:38,遵义,2,0.08004719018936157,贵州省,2
1211595973,0.0,电影是好，但电影院比较坑，还要另外自费买3d眼镜。,2025/4/20 8:38,揭阳,1,0.16359347105026245,广东省,1
1211605927,5.0,很好看，音质，画质都超棒,2025/4/20 8:37,吴忠,0,0.9766705632209778,宁夏回族自治区,0
1211589953,5.0,"大力点赞此电影
剧情铺垫完整   剧情设计巧妙
",2025/4/20 8:33,包头,0,0.9827626943588257,内蒙古自治区,0
1211606820,5.0,赞??好看的,2025/4/20 8:33,衡水,0,0.14975714683532715,河北省,0
1211591971,5.0,剧情很精彩值得大家一看，不愧是国产动画的天花板。画面感很好，人物形象生动有趣。强烈推荐,2025/4/20 8:32,银川,0,0.9553631544113159,宁夏回族自治区,0
1211613227,5.0,真真的太真的太好看真的太好看了这真的太好看了这部电真的太好看了这部电影值得贡献票真的太好看了，这部电影值得贡献票房，笑中有泪,2025/4/20 8:32,阜阳,2,0.9856759309768677,安徽省,2
1211642063,5.0,好看，中国电影最棒,2025/4/20 8:22,张家口,0,0.9720978736877441,河北省,0
1211628121,5.0,二刷了，还用说啥吗？,2025/4/20 8:19,延边,0,0.03936278820037842,未知省份,0
1211624116,5.0,好看，很精彩！！,2025/4/20 8:13,南充,0,0.9714301228523254,四川省,0
1211633101,5.0,不错虽然是动画片但是非常好看，特效非常的好，恭喜突破百亿票房。,2025/4/20 8:11,泉州,1,0.9485863447189331,福建省,1
1211620176,5.0,非常的好看。,2025/4/20 8:09,重庆,2,0.9077550768852234,重庆市,2
1211585945,5.0,我丙太帅了，永远爱我丙！,2025/4/20 8:09,邢台,0,0.9750652313232422,河北省,0
1206194819,5.0,太好了非常棒,2025/4/20 8:08,驻马店,0,0.9893903136253357,河南省,0
1211576999,5.0,非常好??冲啊,2025/4/20 8:06,义乌,0,0.1912214756011963,浙江省,0
1211633096,4.5,挺好的，国产动漫之光,2025/4/20 8:01,延边,0,0.7475443482398987,未知省份,0
1211634089,5.0,不错不错，很有看头,2025/4/20 7:50,金华,2,0.8245156407356262,浙江省,2
1211618177,5.0,非常好看的一部动漫电影,2025/4/20 7:49,锡林郭勒,0,0.957726776599884,未知省份,0
1211625010,4.5,孩子喜欢..,2025/4/20 7:46,铜仁,2,0.7743359208106995,贵州省,2
1211630145,4.0,都说这部电影的动画制作是一流的，莫名去看，确实是棒，很精彩??。,2025/4/20 7:40,银川,0,0.5953987836837769,宁夏回族自治区,0
1211619103,4.5,好。不错！喜，怒，哀，乐，表现的淋漓尽致,2025/4/20 7:38,吴江,0,0.887856662273407,未知省份,0
1211606816,5.0,非常好，谢谢,2025/4/20 7:34,文登,0,0.9772128462791443,未知省份,0
1211623059,5.0,炒鸡好看，支持吒儿,2025/4/20 7:27,南宁,0,0.8197087049484253,广西壮族自治区,0
1211620168,5.0,是好好的吗我的,2025/4/20 7:16,天津,1,0.4391345977783203,天津市,1
1211591963,5.0,好看  孩子爱看  ????,2025/4/20 7:05,西安,1,0.6340337991714478,陕西省,1
1211595963,5.0,十分感人 很好看,2025/4/20 6:46,鹤壁,0,0.9672523140907288,河南省,0
1211640037,4.0,孩子喜欢，很励志,2025/4/20 6:44,承德,0,0.6821140050888062,河北省,0
1211591958,5.0,十分不错，很好看,2025/4/20 6:07,石狮,0,0.9454782009124756,福建省,0
1211589942,5.0,还不错可以带孩子去看看,2025/4/20 5:49,烟台,0,0.50239098072052,山东省,0
1211626109,4.5,很不错的 很有意思,2025/4/20 5:17,大庆,0,0.845683753490448,黑龙江省,0
1211613214,5.0,好看 全球票房第五,2025/4/20 5:07,上海,0,0.986100971698761,上海市,0
1211610811,4.5,还可以，非常期待下一部,2025/4/20 4:41,广州,0,0.3269731402397156,广东省,0
1211603870,5.0,看了还想再看??,2025/4/20 3:18,惠州,2,0.02414119243621826,广东省,2
1211596915,5.0,非常好看，极力推荐,2025/4/20 2:58,徐州,0,0.9732502102851868,江苏省,0
1211598950,4.5,可，小朋友喜欢的,2025/4/20 2:39,灌云,1,0.37999993562698364,未知省份,1
1211615128,5.0,?? 推荐超级超级值得一看哒～,2025/4/20 2:37,杭州,0,0.9681563377380371,浙江省,0
1211632051,5.0,好久没看好电影了  真的震撼,2025/4/20 2:20,贵阳,0,0.9378873705863953,贵州省,0
1211611849,5.0,剧情可以，孩子喜欢看。,2025/4/20 2:13,攀枝花,2,0.4668703079223633,四川省,2
1211636034,5.0,挺好看eew、不过我有点困睡着了。,2025/4/20 2:12,南京,0,0.5897310972213745,江苏省,0
1211612302,5.0,"超级好看
?? 推荐",2025/4/20 1:18,成武县,0,0.30083775520324707,山东省,0
1211628094,5.0,"感谢为《哪吒之魔童闹海》电影???付出精力的所有工作人员及团队们，给我们带来了一场酣畅淋漓的视觉盛宴。祝贺电影能取更高佳绩，同时也感谢国内外观众们对电影的喜爱，作为中国人也由衷地为强大的中国文化自信感到自豪。
电影带给我们精彩瞬间的同时，也给我们带来了人生的道理及感悟，最后愿所有人都能健康平安、财源滚滚、家庭美满。
",2025/4/20 1:16,昆明,0,0.9927230477333069,云南省,0
1211595942,0.5,电影界孙笑川,2025/4/20 0:57,三亚,0,0.9244530200958252,海南省,0
1211609813,3.5,还可以，。。,2025/4/20 0:56,杭州,0,0.2622082829475403,浙江省,0
1211597900,5.0,"太好看了吧
",2025/4/20 0:51,张家港,0,0.9384679198265076,江苏省,0
1211627060,2.5,一般般颠覆哪吒传统模式，居然还说传统文化,2025/4/20 0:41,深圳,0,0.011965453624725342,广东省,0
1211644009,5.0,很好看，很燃，希望下一步继续努力,2025/4/20 0:33,甘南,2,0.9113865494728088,未知省份,2
1211597895,4.5,不错哦，好看的,2025/4/20 0:14,南宁,0,0.747128427028656,广西壮族自治区,0
1211591926,5.0,好看很好看非常完美,2025/4/20 0:11,临沂,0,0.9294608235359192,山东省,0
1211636010,5.0,好看太好看le,2025/4/20 0:05,临澧,0,0.9873320460319519,未知省份,0
1211617221,5.0,非常不错??,2025/4/20 0:00,义乌,0,0.2873342037200928,浙江省,0
1211597888,4.0,值回票价没问题，但个人觉得不是神作，能有这么高票房，完全是同行承托啊。,2025/4/19 23:59,福州,1,0.15805721282958984,福建省,1
1211605869,5.0,太好了  画质清晰  音效感人   依然最喜欢！！三刷了    激动！！！！继续支持,2025/4/19 23:49,北京,2,0.9956061244010925,北京市,2
1211624063,4.5,值得看，画面感很强??????,2025/4/19 23:43,伊犁,0,0.9296410083770752,未知省份,0
1211611817,5.0,还可以，全是很欣喜的动画片了，孩子喜欢看,2025/4/19 23:43,莆田,2,0.4856993556022644,福建省,2
1211615089,4.5,挺好看的啊，小孩喜欢,2025/4/19 23:36,新洲区,2,0.6555308699607849,湖北省,2
1211594953,4.0,还可以，特效不错内容不错,2025/4/19 23:28,湖州,1,0.4294571876525879,浙江省,1
1211612271,5.0,影片不仅仅是一场场惊心动魄的战斗，更着重刻画了哪吒和敖丙在成长过程中的情感变化与自我救赎。哪吒面对四海龙王的强大实力，不仅要克服外界的威胁，还要直面内心的恐惧和不安。但他凭借坚定的信念和顽强的毅力，挥舞着火尖枪与敌人展开激烈战斗，其勇敢和坚定令人动容。而敖丙在经历天劫后，与哪吒的关系发生了微妙变化，他们互相扶持、互相鼓励，共同面对强大的敌人，这种兄弟情谊让人感动不已。同时，哪吒还肩负着对父母、对家庭的责任与期盼，他的成长历程让观众感同身受，仿佛回到了自己的童年，这种情感共鸣吸引了不同年龄段的观众,2025/4/19 23:23,北京,1,0.9723632335662842,北京市,1
1211584984,5.0,好看！！后面炼丹那里哭死我,2025/4/19 23:19,石河子,0,0.930814802646637,新疆维吾尔自治区,0
1211608802,5.0,好，推荐，真好看,2025/4/19 23:19,南京,0,0.9207751750946045,江苏省,0
1211591904,4.0,非常好，有机会还去,2025/4/19 23:19,焦作,1,0.9718264937400818,河南省,1
1211614168,5.0,非常好 喜欢看,2025/4/19 23:17,葫芦岛,2,0.9560428857803345,辽宁省,2
1211614160,4.5,画面感满满，很好看,2025/4/19 23:11,武义,0,0.9055551290512085,未知省份,0
1211580973,5.0,好看！！！！,2025/4/19 23:09,灌云,2,0.9872165322303772,未知省份,2
1211593935,5.0,好看孩子很喜欢,2025/4/19 23:07,郑州,0,0.8651940226554871,河南省,0
1211619045,4.0,在过年的时候看，很不错,2025/4/19 23:06,重庆,0,0.7599008083343506,重庆市,0
1211597864,5.0,很不错的一部电影，我们全家都二刷过了，哈哈～,2025/4/19 23:05,厦门,0,0.9502522349357605,福建省,0
1211591846,5.0,好看推荐！！,2025/4/19 21:34,上海,0,0.9833268523216248,上海市,0
1211630019,5.0,太棒了，感人故事,2025/4/19 21:34,北京,0,0.9813542366027832,北京市,0
1211567963,4.5,很不错大家值得观看,2025/4/19 21:29,杭州,0,0.8422468900680542,浙江省,0
1211600834,4.5,好看，动漫效果非常棒哦。,2025/4/19 21:27,长沙,0,0.9276586771011353,湖南省,0
1211561942,5.0,小朋友很喜欢,2025/4/19 21:24,南京,2,0.7295172810554504,江苏省,2
1211568896,5.0,超级好！！！,2025/4/19 21:18,哈尔滨,2,0.994207501411438,黑龙江省,2
1211583956,5.0,这部电影就不评价了，太棒了。,2025/4/19 21:15,海安,1,0.9847354888916016,未知省份,1
1211618054,5.0,巨幕就是巨幕！,2025/4/19 21:15,贵阳,2,0.9728723168373108,贵州省,2
1211630002,5.0,挺好看的。。,2025/4/19 21:12,遵义,0,0.6975249648094177,贵州省,0
1211610693,5.0,非常满意非常喜欢,2025/4/19 21:11,阜阳,0,0.990666925907135,安徽省,0
1211602741,4.0,特效的确还可以，观看过程倒也不无聊，不过可能是年纪大了，只是入了眼，打动不了我的心,2025/4/19 21:11,娄底,1,0.17142421007156372,湖南省,1
1211614076,5.0,支持起来！越做越棒,2025/4/19 21:08,延边,2,0.9467799663543701,未知省份,2
1211579997,5.0,真的很好看啊,2025/4/19 21:07,青岛,0,0.8993464112281799,山东省,0
1211602736,5.0,好看，第一遍和弟弟一起来看的，就是3d真的好暗,2025/4/19 21:06,张掖,0,0.9378278851509094,甘肃省,0
1211588895,4.0,"值得一看
?? 画面",2025/4/19 21:06,高州,0,0.10633730888366699,广东省,0
1211604812,4.5,还行，挺好看,2025/4/19 21:04,汉中,0,0.27672797441482544,陕西省,0
1211588894,5.0,动画史上为数不多的精品动画！也是国产动画的里程碑！！！,2025/4/19 21:04,太原,0,0.9886294603347778,山西省,0
1211581886,5.0,??刚刚看完这部电影，真是精彩绝伦！(? ??_??)???????(???)/这部影片给我留下了深刻的印象，非常推荐给大家观看!,2025/4/19 21:02,海宁,0,0.9797533750534058,浙江省,0
1211598817,5.0,非常好，非常震撼,2025/4/19 21:00,银川,0,0.9736399054527283,宁夏回族自治区,0
1211621051,5.0,值得一看！喜欢！,2025/4/19 20:59,伊春,0,0.9335718750953674,黑龙江省,0
1211569966,5.0,非常好看 非常棒 还有感动的片段 值得一看,2025/4/19 20:57,北京,0,0.9787310361862183,北京市,0
1211606698,4.5,剧情紧凑 画面精美 建议自备眼镜,2025/4/19 20:57,镇江,0,0.9382094740867615,江苏省,0
1211580885,4.5,特效绝了，是我国动漫特效标志性的超越，剧情也很不错，本以为是申公豹屠了钱塘江，怪我自己的成见太深。,2025/4/19 20:56,兰州,0,0.9617879986763,甘肃省,0
1211598810,5.0,好的，谢谢啦,2025/4/19 20:55,德州,0,0.886760950088501,山东省,0
1211576844,4.0,好看小孩子喜欢,2025/4/19 20:52,安陆市,0,0.772969126701355,湖北省,0
1211607740,5.0,"都非常好
?",2025/4/19 20:51,沈阳,2,0.9058462381362915,辽宁省,2
1211569964,5.0,非常棒！唯一的一部二刷电影,2025/4/19 20:50,金坛,0,0.9919577836990356,未知省份,0
1211595832,5.0,剧情连贯流畅。特效真的绝了。,2025/4/19 20:49,南阳,0,0.9631166458129883,河南省,0
1211568879,0.5,非常好，电影好，环境好，半星给前台,2025/4/19 20:49,天津,0,0.9285114407539368,天津市,0
1211567934,5.0,亲情教育题材,2025/4/19 20:48,苏州,0,0.4276484251022339,江苏省,0
1211618114,5.0,棒！看完不后悔,2025/4/19 23:05,青岛,0,0.9945347309112549,山东省,0
1211626048,5.0,哇塞，《哪吒》太燃了!简直就是中国版的超级英雄大片啊！????,2025/4/19 23:03,温岭,0,0.9814836382865906,浙江省,0
1211627019,3.5,"笑死
刷票房",2025/4/19 23:02,上海,1,0.008246660232543945,上海市,1
1211615077,5.0,非常好，看过最好的电影，里面每个地方都让我十分震惊,2025/4/19 22:59,太原,2,0.9917438626289368,山西省,2
1211580963,3.5,挺好的    ,2025/4/19 22:58,成都,2,0.7106947302818298,四川省,2
1211604873,5.0,非常好看，非常棒,2025/4/19 22:56,西安,0,0.9550758600234985,陕西省,0
1211634013,5.0,好看，我儿子都哭了看的,2025/4/19 22:55,临夏,1,0.9534721374511719,甘肃省,1
1211604872,5.0,特别好，推荐推荐,2025/4/19 22:55,鹤壁,0,0.9689150452613831,河南省,0
1211623001,3.5,"扣一颗星买错电影了不能退，只能改签，手续费还要5块，票价48，改签费5，服务费4.9，一共57.9
制作还行，但感觉感情戏有点过了",2025/4/19 22:54,郑州,0,0.03905004262924194,河南省,0
1211630064,5.0,真的太好看了，这部电影的方方面面都很棒，值得大家去观看,2025/4/19 22:52,桂林,0,0.9814850091934204,广西壮族自治区,0
1211620093,4.5,二次看了，感觉,2025/4/19 22:48,西安,2,0.16950154304504395,陕西省,2
1211630060,5.0,震撼，值得这么高的票房,2025/4/19 22:45,贵阳,0,0.9840871691703796,贵州省,0
1211605833,5.0,太震撼了，牛,2025/4/19 22:38,南宁,2,0.8924883008003235,广西壮族自治区,2
1211618101,4.5,画面暗     ,2025/4/19 22:36,玉溪,0,0.005019485950469971,云南省,0
1211620086,4.5,燃是挺燃的，神话虽可创新，但是剧情太把主角强大化了，毕竟还是个孩子，是想说明天赋比努力更重要么？虽然没看过封神演义，但是绝对不是申公豹有苦衷，太乙真人仙力弱化，而是教派中两个分支的斗争，无量仙翁也魔化了。其实多数人的反抗都来源于受到了本源的伤害才想到反抗，但是反抗过后都会像敖光一样放弃。这里面父母的爱都很纯粹，这是感人的地方。哪吒和敖丙，本是水火不容，最终因相克相生成了好朋友。主角世界观很正，我家孩子挺像哪吒，臭毛病很多让人抓狂，但是心怀正义本性纯善，让人又爱又恨。,2025/4/19 22:34,毕节,0,0.7936123609542847,贵州省,0
1211603793,5.0,好看，??推荐,2025/4/19 22:29,乌鲁木齐,0,0.23922616243362427,新疆维吾尔自治区,0
1211571986,5.0,好看，可以继续看,2025/4/19 22:22,揭阳,0,0.6220388412475586,广东省,0
1211608773,2.5,很一般！剧情也就那样 画面确实好,2025/4/19 22:21,北京,1,0.021151423454284668,北京市,1
1211613134,5.0,影院大 又干净卫生 电影整体来说不错,2025/4/19 22:20,深圳,0,0.9120399951934814,广东省,0
1211619030,5.0,在现实生活中，我们或许都曾被贴上各种标签，被他人的期待或世俗的标准束缚。但《哪吒之魔童闹海》告诉我们，真正的自由不是摆脱命运，而是拥有直面它的勇气。无论是对抗偏见、突破自我，还是守护心中的信念，每个人都能成为自己的英雄。,2025/4/19 22:19,北京,2,0.8713364005088806,北京市,2
1211602774,3.5,还行吧。。。,2025/4/19 22:10,宜昌,0,0.11491256952285767,湖北省,0
1211622006,5.0,很好看，国漫崛起,2025/4/19 22:08,广州,0,0.8941684365272522,广东省,0
1211597818,4.5,孩子非常喜欢,2025/4/19 22:08,济南,0,0.8916011452674866,山东省,0
1211601850,5.0,很精彩，和家人享受轻松时刻,2025/4/19 22:07,宜昌,0,0.948429524898529,湖北省,0
1211612222,5.0,女朋友很喜欢看,2025/4/19 21:52,广州,1,0.7657796740531921,广东省,1
1211580925,5.0,好看喜欢孩子喜欢,2025/4/19 21:50,吉林,0,0.7905893325805664,吉林省,0
1211617150,5.0,"海星！
不错",2025/4/19 21:49,东营,0,0.9265393018722534,山东省,0
1211577951,0.5,没完了是吧，延期到26年仍然是春节档??,2025/4/19 21:49,长春,0,0.03390449285507202,吉林省,0
1211578950,5.0,非常好看、值得一看,2025/4/19 21:46,深圳,0,0.8837556838989258,广东省,0
1211595863,5.0,"挺好的，不错
",2025/4/19 21:40,安庆,1,0.7484877705574036,安徽省,1
1211569961,5.0,很好看，值得多看几次??????,2025/4/19 20:46,长沙,0,0.9351258277893066,湖南省,0
1211611706,5.0,当代国漫之光,2025/4/19 20:44,崇左,0,0.750400185585022,广西壮族自治区,0
1211567926,5.0,很不错，好看,2025/4/19 20:42,泰安,0,0.892307698726654,山东省,0
1211605754,5.0,二刷了，主要是为了看2d版来的,2025/4/19 20:40,江门,0,0.156688392162323,广东省,0
1211563972,5.0,得到家人的一致认可，太有成就感了，下次继续来！,2025/4/19 20:39,桂林,0,0.9939789772033691,广西壮族自治区,0
1211594826,5.0,超级好看推荐大家去看,2025/4/19 20:35,阜阳,0,0.9619938135147095,安徽省,0
1211587837,4.5,太精彩、太震撼了,2025/4/19 20:33,沧州,0,0.9585842490196228,河北省,0
1211609685,5.0,"?? 哭点
感人感染
?? 笑点
搞笑
?? 画面
画面太美",2025/4/19 20:33,深圳,0,0.49425941705703735,广东省,0
1211610665,4.5,不错，还可以吧,2025/4/19 20:30,北京,0,0.4851886034011841,北京市,0
1211568857,4.5,很好，特别推荐,2025/4/19 20:10,肥城,2,0.9681369066238403,山东省,2
1211558992,5.0,超级好看，希望王者出和哪吒联动的皮肤可以便宜一些，想要，非常想要，别抽奖了求求了,2025/4/19 20:03,驻马店,0,0.9627923965454102,河南省,0
1211587818,5.0,"?? 推荐

真的真的真的很好看！特别震撼！不愧是精心打磨的作品！
一定一定一定要去看！",2025/4/19 20:00,烟台,0,0.9779024124145508,山东省,0
1211589774,5.0,特效拉满，有泪点，有笑点,2025/4/19 19:59,惠州,1,0.7696805000305176,广东省,1
1211607721,5.0,特效很棒，每一个镜头都做得很经典，非常的好。,2025/4/19 19:59,青岛,0,0.9744254946708679,山东省,0
1211599854,4.5,好看的那咋了,2025/4/19 19:57,北京,2,0.17003166675567627,北京市,2
1211576805,5.0,好看，殷夫人去世的时候我都哭了,2025/4/19 19:56,大庆,0,0.9389244318008423,黑龙江省,0
1211579960,5.0,非常不错，非常震撼,2025/4/19 19:54,营口,0,0.9367446303367615,辽宁省,0
1211612137,5.0,国产之光，加油,2025/4/19 19:54,杭州,0,0.05286252498626709,浙江省,0
1211591795,5.0,震撼，值得一看。,2025/4/19 19:53,天津,1,0.8917388916015625,天津市,1
1211584847,5.0,冲就完了，鹿童我回家吃，还有一个小时才吃，吃到一半才想起来拍照，还是那个味道。,2025/4/19 19:48,惠州,0,0.6288696527481079,广东省,0
1211610641,5.0,棒极了！！！,2025/4/19 19:46,郑州,0,0.995023250579834,河南省,0
1211599841,4.5,总体非常唔错，真心觉得可以。,2025/4/19 19:39,广州,1,0.8750821948051453,广东省,1
1211600761,4.5,我愿给到五星??，因为布景非常用心，太太太棒了！,2025/4/19 19:35,成都,0,0.9934651255607605,四川省,0
1211610632,5.0,好看剧情十分好看期待哪吒3,2025/4/19 19:34,扬州,0,0.9892290830612183,江苏省,0
1211586782,5.0,非常好，孩子非常喜欢,2025/4/19 19:33,海口,2,0.9630274772644043,海南省,2
1211580837,4.5,国产动画翠不管是剧情还是特效都越来越好了，导演真是脑洞大开！,2025/4/19 19:27,兴城,0,0.9361240863800049,辽宁省,0
1211582850,4.5,非常不错的一部电影，适合带孩子去看,2025/4/19 19:27,武汉,0,0.9073157906532288,湖北省,0
1211582849,5.0,迟来的票房。,2025/4/19 19:24,云浮,0,0.07959800958633423,广东省,0
1211610629,5.0,二刷，很好看,2025/4/19 19:23,西安,0,0.7574896812438965,陕西省,0
1211593797,5.0,剧情新奇，画质清晰,2025/4/19 19:21,广州,1,0.9326700568199158,广东省,1
1211591774,5.0,哪吒之魔童闹海,2025/4/19 19:18,深圳,0,0.5494716763496399,广东省,0
1211601746,5.0,孩子很喜欢！,2025/4/19 19:18,辽源,2,0.88584965467453,吉林省,2
1208642503,5.0,很不错的，就算第一部隔了这么久有些剧情不记得了在影片一开始会有第一部的概括，画面超好看，剧情也很精彩,2025/4/19 19:17,淄博,0,0.9841418862342834,山东省,0
1211598756,5.0,《哪吒之魔童闹海》是一部令人惊艳的动画佳作！它延续了前作的精彩，在视觉呈现上更为震撼，将传统神话与现代元素完美融合。故事中哪吒的成长与挣扎令人动容，角色塑造饱满，配音演员赋予其鲜活生命力。影片传递出的不屈精神和深刻情感极具感染力，特效场面宏**真，细节处理细腻入微，不愧是国产动画的又一巅峰之作,2025/4/19 19:12,雄安新区,0,0.9659208059310913,未知省份,0
1211596730,5.0,超级推荐！超级好看！,2025/4/19 19:03,通辽,0,0.9894127249717712,内蒙古自治区,0
1211602673,5.0,一个字好，两个字很好，三个字非常好,2025/4/19 19:03,深圳,0,0.9792590141296387,广东省,0
1211579935,5.0,"good，非常好看
",2025/4/19 19:01,东莞,0,0.9675363898277283,广东省,0
1211580821,5.0,非常好看！！,2025/4/19 19:00,珠海,0,0.986919105052948,广东省,0
1211558957,0.5,剧情就是一坨 剧情压根跟不上制作水平 糖的没变,2025/4/19 18:59,娄底,0,0.006461799144744873,湖南省,0
1211607684,4.5,国家发展，科技进步，祖国越来越强大，现在动漫已经不错了，很多孩子都渐渐喜欢上祖国的动漫了,2025/4/19 18:58,深圳,0,0.7918345928192139,广东省,0
1211559996,5.0,很震撼的电影,2025/4/19 18:57,上海,0,0.9056527614593506,上海市,0
1211604748,5.0,"?? 推荐
虽然现在才去观看  但是并不妨碍  电影实在太好看了  期待第三部",2025/4/19 18:57,锡林郭勒,2,0.9423840641975403,未知省份,2
1211609632,4.5,不错好看。孩子能耐心看完,2025/4/19 18:56,张家港,2,0.8331645131111145,江苏省,2
1211590803,5.0,非常好 值得推荐,2025/4/19 18:43,滕州,0,0.9772946834564209,山东省,0
1211588823,5.0,好看，，，，,2025/4/19 18:41,上海,0,0.8870739936828613,上海市,0
1211598735,5.0,国产动画的巅峰作品，打破多项记录，非常值得观赏。,2025/4/19 18:40,沈阳,1,0.9641868472099304,辽宁省,1
1211560951,5.0,二刷，很好看,2025/4/19 18:40,灌南,0,0.7574896812438965,未知省份,0
1211610607,5.0,非常好，值得了,2025/4/19 18:38,佛山,0,0.9762865900993347,广东省,0
1211588820,4.5,画面挺好，环境卫生,2025/4/19 18:37,盂县,2,0.2793407440185547,山西省,2
1211611641,5.0,剧情没话说！,2025/4/19 18:37,乌鲁木齐,0,0.9779047966003418,新疆维吾尔自治区,0
1211613032,5.0,很好，一次观影,2025/4/19 18:36,苏州,0,0.8980416655540466,江苏省,0
1211607667,5.0,《哪吒》的剧情设计精妙绝伦，环环相扣的情节中暗藏多处令人拍案叫绝的反转，每一场打斗戏都堪称视觉盛宴，特效制作恢弘大气又不失细腻。当哪吒冲破天元鼎的那一刻，燃炸的场面让观众仿佛也置身其中，不自觉地为他握紧拳头、暗自使劲。影片在情感刻画上极具感染力，令人深深共情。结尾的彩蛋更是巧妙埋下伏笔，让人对续作充满期待。这部堪称国漫巅峰的匠心之作，绝对值得满分推荐！,2025/4/19 18:35,长春,0,0.9946635961532593,吉林省,0
1211601722,4.5,好看，推荐。,2025/4/19 18:35,西安,0,0.9237911105155945,陕西省,0
1211590793,5.0,还可以，极力推荐,2025/4/19 18:32,郴州,0,0.6518415212631226,湖南省,0
1211608652,5.0,好滴好，很喜欢,2025/4/19 18:32,西安,1,0.9334006309509277,陕西省,1
1211558943,5.0,非常好，很棒的影片,2025/4/19 18:31,上海,0,0.9770082831382751,上海市,0
1211585754,5.0,很好看，值得多去看几次。,2025/4/19 18:27,乌兰察布,0,0.8852952718734741,内蒙古自治区,0
1211594758,0.0,"一部被国人刷出来的高票房电影，海外票房仅为
3亿人民币，就连这可怜的3亿都大部分来自于海外华人Q纯是国人在自嗨，强行将看电影上升到爱国日，论特效不及《头脑特工队2》、《冰雪奇缘2》，论影片立意不及《玩具总动员4》、《玩具总动员3》、《寻梦环游记》，《千与千寻》，论技术突破创新不及《玩具总动员》，论全球影响力不及《疯狂动物城》、《冰雪奇缘》、《狮子王》，跟国外动画相比就已经被碾压了，这种片子能进全球影史票房榜前十真的很荒谬@
哪吒2固然是一部优秀的电影，只是不理智的魔怔粉将它推上了不属于它的高度",2025/4/19 18:27,上海,1,0.022929906845092773,上海市,1
1209678392,5.0,超级好看的动画电影,2025/4/19 18:24,惠安,0,0.9625544548034668,未知省份,0
1211590788,5.0,剧情非常好。,2025/4/19 18:23,韶关,0,0.9577739834785461,广东省,0
1211611635,5.0,这个已经种草了很久，今天终于有时间来，完全没有踩雷呀，整个过程非常过瘾,2025/4/19 18:21,南昌,0,0.9704996943473816,江西省,0
1205672287,5.0,今年最好的电影，全家一起笑吒吒,2025/4/19 18:16,成都,1,0.9838152527809143,四川省,1
1211589727,5.0,推荐观看 棒棒哒,2025/4/19 18:15,成都,2,0.863552451133728,四川省,2
1211597691,5.0,非常好看，国产动画电影的里程碑！,2025/4/19 18:12,南京,0,0.9859893321990967,江苏省,0
1211579900,5.0,虽然位置有点难找，但胜在人少，没有嘈杂的环境，整个氛围非常nice，不错子??,2025/4/19 18:11,岳阳,0,0.9227226376533508,湖南省,0
1211609602,5.0,支持国产电影,2025/4/19 18:10,荣成,0,0.8882913589477539,山东省,0
1211570877,5.0,环境非常独特，风格统一，就喜欢这种有格调的地方,2025/4/19 18:10,合肥,2,0.9123353362083435,安徽省,2
1211606594,3.0,故事没有深度，特效好看但到处都是抄袭痕迹！原创性不足！,2025/4/19 18:09,北京,0,0.029581069946289062,北京市,0
1211557932,4.5,不错，喜欢看,2025/4/19 18:01,徐州,2,0.7842879891395569,江苏省,2
1211555994,5.0,特效拉满，爆好看,2025/4/19 17:56,东莞,1,0.8861778378486633,广东省,1
1211561824,5.0,推荐2D 画面非常震撼 剧情节奏好 立意有高度叙事不尴尬 连我这种共情能力弱的都有被感动到,2025/4/19 17:55,天津,2,0.9801913499832153,天津市,2
1211555989,5.0,很好看，老少咸宜。,2025/4/19 17:50,上海,0,0.8760050535202026,上海市,0
1211594740,5.0,好看，近几年唯一的二刷电影,2025/4/19 17:49,徐州,0,0.9340560436248779,江苏省,0
1211601693,5.0,不错，棒棒哒,2025/4/19 17:48,龙岩,2,0.8610302805900574,福建省,2
1211568781,5.0,唯一部看三遍的电影,2025/4/19 17:48,阳江,0,0.5235157608985901,广东省,0
1211606580,5.0,太好太好了，恨不得看第2遍,2025/4/19 17:46,包头,1,0.9931142926216125,内蒙古自治区,1
1211575853,5.0,想给六星好评,2025/4/19 17:46,承德,0,0.9438344240188599,河北省,0
1211574816,4.5,跟孩子一起看的，孩子很喜欢！,2025/4/19 17:45,濮阳,0,0.862345814704895,河南省,0
1211581777,4.5,好几句拒绝进阶,2025/4/19 17:42,成都,0,0.062317609786987305,四川省,0
1211603624,5.0,不错 大人孩子都很喜欢,2025/4/19 17:39,天津,0,0.8817112445831299,天津市,0
1211594731,5.0,很好！看了两遍,2025/4/19 17:37,商丘,0,0.9731947779655457,河南省,0
1211582797,5.0,画质很好啊 2d真的五彩斑斓的白 吒儿很帅啊,2025/4/19 17:35,淮安,2,0.9601716995239258,江苏省,2
1211557914,5.0,"?? 推荐
国漫太棒了",2025/4/19 17:34,内黄,0,0.9116794466972351,未知省份,0
1211600695,5.0,画面顶级，剧情紧凑,2025/4/19 17:31,唐山,0,0.9599571824073792,河北省,0
1211608615,4.5,朋友们，放心冲！性价比真的很高，而且交通非常方便，大家可以来体验体验！,2025/4/19 17:28,拉萨,0,0.8953178524971008,西藏自治区,0
1211609577,5.0,老有意思了，真好笑,2025/4/19 17:26,兴城,0,0.5467665791511536,辽宁省,0
1211596678,5.0,好看捏，和妈妈一起二刷的很不错,2025/4/19 17:26,石家庄,0,0.7776657938957214,河北省,0
1211609573,4.5,没有了…哎呀算了,2025/4/19 17:21,乐山,1,0.23967677354812622,四川省,1
1211555972,4.5,很不错，值得去看,2025/4/19 17:21,邯郸,0,0.8477755188941956,河北省,0
1211559929,5.0,不愧是票房最高的一部电影，可以堪称国漫的巅峰，哪吒让我又哭又笑，强烈推荐你们去看看,2025/4/19 17:19,通辽,0,0.9668809771537781,内蒙古自治区,0
1211583770,4.5,很不错的，电影，非常好看，特别震撼,2025/4/19 16:20,辽阳,1,0.9032309055328369,辽宁省,1
1211611555,5.0,特效很好，剧情也好理解。,2025/4/19 16:16,黄石,2,0.9518389701843262,湖北省,2
1211568735,5.0,好看，精彩，期待下一部，就是3D有点晕,2025/4/19 16:15,南阳,2,0.9718543887138367,河南省,2
1211580722,5.0,很好看，看了两遍,2025/4/19 16:12,重庆,2,0.905187726020813,重庆市,2
1211589661,0.5,这东西真的不太好看哈哈哈，,2025/4/19 16:11,锦州,0,0.165715754032135,辽宁省,0
1211585660,5.0,不错，非常好，加油，,2025/4/19 16:11,阜新,1,0.9118533730506897,辽宁省,1
1211555923,5.0,味道不错，送餐速度快,2025/4/19 16:07,烟台,1,0.7123188376426697,山东省,1
1211573761,5.0,超级好看 看了四次,2025/4/19 16:02,重庆,2,0.9816159009933472,重庆市,2
1211595665,5.0,非常不错的电影,2025/4/19 16:01,北京,0,0.9269858002662659,北京市,0
1211558859,5.0,好看，非常喜欢,2025/4/19 15:56,保定,0,0.9445663690567017,河北省,0
1211592622,5.0,这部影片无疑是一部视觉与情感的盛宴，每一个镜头都值得我们细细品味。强烈推荐你也一同观赏这部佳作！,2025/4/19 15:55,攀枝花,0,0.9759984612464905,四川省,0
1211586648,5.0,很感人的一部电影，值得推荐,2025/4/19 15:55,抚顺,0,0.894739031791687,辽宁省,0
1211597592,5.0,神一般的存在！,2025/4/19 15:54,重庆,2,0.9642093777656555,重庆市,2
1211580711,5.0,可以，值得一看,2025/4/19 15:49,苍溪县,0,0.4450472593307495,四川省,0
1211569783,4.5,我愿给到五星??，因为布景非常用心，太太太棒了！,2025/4/19 15:49,北京,0,0.9934651255607605,北京市,0
1211565770,4.5,超级棒！会再看的！,2025/4/19 15:48,乐山,0,0.9911201596260071,四川省,0
1211566847,5.0,非常好看，非常推荐,2025/4/19 15:48,北京,0,0.9615235328674316,北京市,0
1211567749,4.5,太好看了，搞笑大片，值得一看,2025/4/19 15:39,青岛,0,0.9659556150436401,山东省,0
1211601622,5.0,非常好看，值得,2025/4/19 15:37,安阳,0,0.9380216002464294,河南省,0
1211555896,3.5,嗯嗯知道啦你忙你勒哈。,2025/4/19 15:35,遵义,0,0.6511393189430237,贵州省,0
1211599682,3.0,工业味太浓，堆料堆得多,2025/4/19 15:34,宁波,1,0.06498527526855469,浙江省,1
1211571733,5.0,非常好看，没看够要是再多一个彩蛋就好了,2025/4/19 15:30,威海,0,0.9472846388816833,山东省,0
1211604634,5.0,必须6字评论,2025/4/19 15:30,绵阳,0,0.5022384524345398,四川省,0
1211594658,5.0,二刷，看不够,2025/4/19 15:29,上饶,0,0.6948601603507996,江西省,0
1211603547,5.0,剧情精彩，画面清晰,2025/4/19 15:28,楚雄,0,0.9221050143241882,云南省,0
1211604633,5.0,太震撼了，非常棒,2025/4/19 15:28,济南,0,0.9860965609550476,山东省,0
1211596617,5.0,视频挺好看的,2025/4/19 15:26,永川,0,0.578616201877594,未知省份,0
1211575779,4.5,很好看，适合年轻人看,2025/4/19 15:26,西宁,0,0.8578548431396484,青海省,0
1211554989,5.0,好看，带孩子去看的，孩子很喜欢,2025/4/19 15:25,柳州,0,0.8805856704711914,广西壮族自治区,0
1211600616,4.5,三d一般，有点糊,2025/4/19 15:24,平湖,0,0.020088613033294678,浙江省,0
1211591689,4.5,真心不错，值得去看看,2025/4/19 17:16,晋中,0,0.8816050887107849,山西省,0
1211556981,5.0,真不戳，很好看,2025/4/19 17:13,洛阳,1,0.7501077651977539,河南省,1
1211580752,5.0,非常好，尤其是3D的,2025/4/19 17:12,抚顺,0,0.9794709086418152,辽宁省,0
1211556979,5.0,感人励志，值得观看,2025/4/19 17:11,北京,2,0.7909448146820068,北京市,2
1211573796,4.5,陪孩子来的，很不错的电影。,2025/4/19 17:11,泰安,1,0.9285378456115723,山东省,1
1211595711,5.0,特别好看，忘了评价，全程聚精会神看，都舍不得离开，非常推荐。不愧为高分电影,2025/4/19 17:10,肥西县,0,0.9956243634223938,安徽省,0
1211584747,4.0,不错，儿子喜欢看,2025/4/19 17:08,六安,2,0.783897876739502,安徽省,2
1211610551,5.0,非常好非常不错,2025/4/19 16:58,衡阳,0,0.9522305130958557,湖南省,0
1211588751,5.0,有点意思，适合孩子看，儿子很喜欢看，还想多刷几次。,2025/4/19 16:54,威海,0,0.6499847769737244,山东省,0
1211610546,5.0,还可以，二刷了,2025/4/19 16:52,哈密,1,0.11887496709823608,新疆维吾尔自治区,1
1211563861,4.5,电影不错，但是影院这座椅乱晃，真无语，看个电影还担心被晃倒,2025/4/19 16:51,泰州,0,0.376067578792572,江苏省,0
1211598654,4.5,很好看，很真实,2025/4/19 16:51,如东,2,0.9009639024734497,未知省份,2
1211589675,5.0,推介。。。。,2025/4/19 16:50,延安,0,0.28498995304107666,陕西省,0
1211586686,5.0,"""??《哪吒之魔童闹海》太燃了！每一帧都让人惊叹！??哪吒的叛逆与坚韧，让我看到了不一样的英雄形象！??你也被这个魔童征服了吗？快来分享你的观影感受吧！??#哪吒之魔童闹海 #电影推荐""",2025/4/19 16:49,合浦县,0,0.9820488095283508,广西壮族自治区,0
1211584729,5.0,"刷了六次
超好看",2025/4/19 16:47,西安,2,0.9520587921142578,陕西省,2
1211603596,5.0,哪吒终是突破成见，我命由我不由天,2025/4/19 16:46,河源,0,0.7597627639770508,广东省,0
1211605613,0.0,太搞笑了！竟然还在放。。。,2025/4/19 16:43,绍兴,0,0.04937446117401123,浙江省,0
1211611575,5.0,"二刷！吒儿值得！
继续期待第三部！",2025/4/19 16:43,廉江,0,0.9534296989440918,广东省,0
1211581739,5.0,非常好看，二刷。,2025/4/19 16:42,武汉,0,0.9533131718635559,湖北省,0
1211594697,3.0,因为同学口中老能出线，娃被洗脑也去看了，中规中矩吧。,2025/4/19 16:40,北京,1,0.14538860321044922,北京市,1
1211581737,5.0,?美不胜收，生活处处皆风景。,2025/4/19 16:40,宜宾,0,0.9689469933509827,四川省,0
1211597619,4.5,不限时这一点真的爱了，可以慢慢悠悠的享受整个过程，被治愈了,2025/4/19 16:37,成都,2,0.9820830821990967,四川省,2
1211595692,5.0,不错，大力支持！,2025/4/19 16:37,温州,0,0.9152675271034241,浙江省,0
1211586676,5.0,超级棒????,2025/4/19 16:32,北京,1,0.9622809290885925,北京市,1
1211593692,5.0,666可以说是国粹,2025/4/19 16:32,东莞,1,0.8839649558067322,广东省,1
1211570816,5.0,去看就对啦！,2025/4/19 16:26,淄博,2,0.9173394441604614,山东省,2
1211568739,3.5,还可以 电影还不错,2025/4/19 16:26,济南,0,0.30188339948654175,山东省,0
1211562878,4.5,电影不错很好看，就是电影院卫生太差劲，服务态度又差，再也不会来这里看,2025/4/19 16:25,文山,0,0.05475085973739624,云南省,0
1211606537,5.0,还可以，还想去二刷，下次再去看。。。。。,2025/4/19 16:23,衡阳,2,0.39354974031448364,湖南省,2
1211572782,5.0,陪娃看 还可以,2025/4/19 16:22,襄阳,0,0.1490921974182129,湖北省,0
1211581699,5.0,太好看了，不枉此生,2025/4/19 15:23,贵阳,0,0.9930376410484314,贵州省,0
1211581697,3.0,一般般不是特别好,2025/4/19 15:21,睢宁,0,0.03808087110519409,未知省份,0
1211601611,4.5,很好看画面也好,2025/4/19 15:20,北京,0,0.936511218547821,北京市,0
1211606504,4.5,"好
?? 推荐
好看",2025/4/19 15:16,民权,0,0.06251096725463867,未知省份,0
1211568703,5.0,不错，好评！,2025/4/19 15:14,句容,0,0.8429770469665527,江苏省,0
1211581693,5.0,好好看 超级精彩,2025/4/19 15:13,深圳,0,0.9711224436759949,广东省,0
1211577710,3.5,可以的，这是国产动画的开始,2025/4/19 15:11,凯里,1,0.5436748266220093,贵州省,1
1211583721,3.5,不错，这个平台上的店一直都很满意，提前做好功课，太省心了！,2025/4/19 15:11,红河,2,0.9465731382369995,未知省份,2
1211572743,5.0,好看。。。。,2025/4/19 15:02,宜宾,0,0.9038914442062378,四川省,0
1211571720,5.0,好的我知道了我知道了,2025/4/19 14:58,温州,0,0.573794424533844,浙江省,0
1211568694,5.0,非常非常的好看,2025/4/19 14:56,咸宁,0,0.93170565366745,湖北省,0
1211571717,5.0,剧情环环相扣，我都没想到，并且画面生动形象，可好看了。,2025/4/19 14:54,娄底,0,0.9047617316246033,湖南省,0
1211556897,5.0,很好看，推荐,2025/4/19 14:54,信阳,0,0.9266897439956665,河南省,0
1211587666,5.0,好看，和同事一起看的,2025/4/19 14:52,广州,2,0.9179180264472961,广东省,2
1211571714,5.0,很不错很好看，值得二刷三刷，票房高活该啊，谁让你做的这么棒，,2025/4/19 14:47,郑州,0,0.9373480677604675,河南省,0
1211571711,4.0,挺好的，值得看,2025/4/19 14:41,鞍山,0,0.7321270108222961,辽宁省,0
1211566813,5.0,好看的很，很值得大家庭一起观看,2025/4/19 14:40,六安,0,0.8524052500724792,安徽省,0
1208737426,5.0,已经二刷过了，还是觉得很好,2025/4/19 14:37,锦州,2,0.9082061648368835,辽宁省,2
1211597555,5.0,全家看了2~3遍。姑娘和儿子看了3遍。制作精良，值回票价。,2025/4/19 14:31,兰州,0,0.9851282238960266,甘肃省,0
1211560812,5.0,国漫崛起，确实特效情节都很棒,2025/4/19 14:30,哈尔滨,0,0.7808809280395508,黑龙江省,0
1211598577,5.0,超级好看的，感觉超棒,2025/4/19 14:30,呼和浩特,0,0.9104874730110168,内蒙古自治区,0
1211599648,5.0,还可以??！,2025/4/19 14:29,佛山,0,0.08320480585098267,广东省,0
1211560810,5.0,哪吒之魔童降世大电影好看,2025/4/19 14:26,东莞,0,0.8720239400863647,广东省,0
1211593623,4.0,剧情节奏很好,2025/4/19 14:22,济南,0,0.9079692363739014,山东省,0
1211555874,5.0,太好看，值得二刷！,2025/4/19 14:18,常州,0,0.9707640409469604,江苏省,0
1211566806,5.0,好看有意思，,2025/4/19 14:17,乌鲁木齐,0,0.7189880013465881,新疆维吾尔自治区,0
1211559828,5.0,不错。都挺好的,2025/4/19 14:14,朔州,1,0.8076951503753662,山西省,1
1211573723,5.0,沙发挺舒服的,2025/4/19 14:07,烟台,0,0.4691423773765564,山东省,0
1211565716,5.0,超级棒，很好看,2025/4/19 13:57,湘潭,0,0.9749500751495361,湖南省,0
1211604592,5.0,给十分吧！其实很想看这个电影，但是我社恐，居然没看过这个电影，今年电影院都没去过，有没有和我一样的。,2025/4/19 13:57,衢州,0,0.9734230041503906,浙江省,0
